Facility ID,Facility Name,State,H_COMP_1_LINEAR_SCORE,H_COMP_2_LINEAR_SCORE
010001,SOUTHEAST HEALTH MEDICAL CENTER,AL,90.0,92.0
010005,MARSHALL MEDICAL CENTERS,AL,91.0,93.0
010006,NORTH ALABAMA MEDICAL CENTER,AL,89.0,88.0
010007,MIZELL MEMORIAL HOSPITAL,AL,91.0,93.0
010011,ST. VINCENT'S EAST,AL,90.0,91.0
010012,DEKALB REGIONAL MEDICAL CENTER,AL,93.0,92.0
010016,SHELBY BAPTIST MEDICAL CENTER,AL,89.0,90.0
010019,HELEN KELLER HOSPITAL,AL,93.0,90.0
010023,BAPTIST MEDICAL CENTER SOUTH,AL,90.0,90.0
010024,JACKSON HOSPITAL & CLINIC INC,AL,90.0,91.0
010029,THE EAST ALABAMA HEALTHCARE AUTHORITY,AL,91.0,92.0
010033,UNIVERSITY OF ALABAMA HOSPITAL,AL,91.0,92.0
010035,CULLMAN REGIONAL MEDICAL CENTER,AL,93.0,90.0
010036,ANDALUSIA HEALTH,AL,92.0,92.0
010039,HUNTSVILLE HOSPITAL,AL,91.0,91.0
010040,GADSDEN REGIONAL MEDICAL CENTER,AL,90.0,89.0
010045,FAYETTE MEDICAL CENTER,AL,97.0,96.0
010046,RIVERVIEW REGIONAL MEDICAL CENTER,AL,92.0,86.0
010049,MEDICAL CENTER ENTERPRISE,AL,93.0,92.0
010052,LAKE MARTIN COMMUNITY HOSPITAL,AL,94.0,94.0
010055,FLOWERS HOSPITAL,AL,91.0,91.0
010056,ST VINCENT'S BIRMINGHAM,AL,88.0,91.0
010061,HIGHLANDS MEDICAL CENTER,AL,94.0,92.0
010065,RUSSELL MEDICAL CENTER,AL,90.0,87.0
010078,NORTHEAST ALABAMA REGIONAL MEDICAL CENTER,AL,87.0,86.0
010079,ATHENS LIMESTONE HOSPITAL,AL,94.0,93.0
010083,BALDWIN HEALTH,AL,92.0,91.0
010085,DECATUR MORGAN HOSPITAL - DECATUR CAMPUS,AL,91.0,92.0
010087,USA HEALTH UNIVERSITY HOSPITAL,AL,90.0,91.0
010089,WALKER BAPTIST MEDICAL CENTER,AL,89.0,89.0
010090,"USA HEALTH HCA PROVIDENCE HOSPITAL, LLC",AL,88.0,89.0
010092,DCH REGIONAL MEDICAL CENTER,AL,90.0,90.0
010099,D W MCMILLAN MEMORIAL HOSPITAL,AL,88.0,88.0
010100,THOMAS HOSPITAL,AL,92.0,92.0
010101,CITIZENS BAPTIST MEDICAL CENTER,AL,95.0,93.0
010103,PRINCETON BAPTIST MEDICAL CENTER,AL,89.0,92.0
010104,GRANDVIEW MEDICAL CENTER,AL,91.0,91.0
010108,PRATTVILLE BAPTIST HOSPITAL,AL,93.0,90.0
010112,WHITFIELD REGIONAL HOSPITAL,AL,89.0,93.0
010113,MOBILE INFIRMARY MEDICAL CENTER,AL,89.0,90.0
010114,"MEDICAL WEST, AN AFFILIATE OF UAB HEALTH SYSTEM",AL,88.0,92.0
010118,VAUGHAN REGIONAL MEDICAL CENTER PARKWAY CAMPUS,AL,86.0,89.0
010126,TROY REGIONAL MEDICAL CENTER,AL,94.0,92.0
010129,NORTH BALDWIN INFIRMARY,AL,94.0,95.0
010130,ST VINCENT'S ST CLAIR,AL,93.0,90.0
010131,CRESTWOOD MEDICAL CENTER,AL,89.0,89.0
010139,BROOKWOOD BAPTIST MEDICAL CENTER,AL,87.0,91.0
010144,SPRINGHILL MEDICAL CENTER,AL,88.0,90.0
010148,EVERGREEN MEDICAL CENTER,AL,94.0,97.0
010149,BAPTIST MEDICAL CENTER EAST,AL,92.0,91.0
01014F,BIRMINGHAM VA MEDICAL CENTER,AL,92.0,93.0
010164,COOSA VALLEY MEDICAL CENTER,AL,90.0,92.0
010168,JACK HUGHSTON MEMORIAL HOSPITAL,AL,94.0,93.0
01019F,VA CENTRAL ALABAMA HEALTHCARE SYSTEM - MONTGOMERY,AL,88.0,91.0
020001,PROVIDENCE ALASKA MEDICAL CENTER,AK,92.0,91.0
020006,MAT-SU REGIONAL MEDICAL CENTER,AK,93.0,91.0
020008,BARTLETT REGIONAL HOSPITAL,AK,94.0,94.0
020012,FAIRBANKS MEMORIAL HOSPITAL,AK,90.0,90.0
020017,ALASKA REGIONAL HOSPITAL,AK,91.0,90.0
020018,YUKON KUSKOKWIM DELTA REG HOSPITAL,AK,90.0,91.0
020024,CENTRAL PENINSULA GENERAL HOSPITAL,AK,91.0,91.0
020026,ALASKA NATIVE MEDICAL CENTER,AK,90.0,89.0
02013F,673rd Medical Group (Joint Base Elmendorf-Richardson),AK,95.0,94.0
021311,PEACEHEALTH KETCHIKAN MEDICAL CENTER,AK,93.0,92.0
021313,SOUTH PENINSULA HOSPITAL,AK,97.0,96.0
030002,BANNER - UNIVERSITY MEDICAL CENTER PHOENIX,AZ,91.0,89.0
030006,TUCSON MEDICAL CENTER,AZ,89.0,88.0
030007,VERDE VALLEY MEDICAL CENTER,AZ,91.0,89.0
030010,ST. MARY'S HOSPITAL,AZ,86.0,86.0
030011,ST JOSEPH'S HOSPITAL,AZ,85.0,85.0
030012,YAVAPAI REGIONAL MEDICAL CENTER,AZ,92.0,87.0
030013,YUMA REGIONAL MEDICAL CENTER,AZ,90.0,88.0
030014,HONOR HEALTH JOHN C. LINCOLN MEDICAL CENTER,AZ,90.0,89.0
030016,BANNER CASA GRANDE MEDICAL CENTER,AZ,89.0,87.0
030022,VALLEYWISE HEALTH MEDICAL CENTER,AZ,89.0,89.0
030023,FLAGSTAFF MEDICAL CENTER,AZ,91.0,91.0
030024,ST JOSEPHS HOSPITAL AND MEDICAL CENTER,AZ,91.0,89.0
030030,ABRAZO CENTRAL CAMPUS,AZ,85.0,82.0
030036,CHANDLER REGIONAL MEDICAL CENTER,AZ,92.0,89.0
030037,HONORHEALTH TEMPE MEDICAL CENTER,AZ,83.0,84.0
030038,HONORHEALTH SCOTTSDALE OSBORN MEDICAL CENTER,AZ,91.0,90.0
030043,CANYON VISTA MEDICAL CENTER,AZ,90.0,88.0
030055,KINGMAN REGIONAL MEDICAL CENTER,AZ,90.0,87.0
030061,BANNER BOSWELL MEDICAL CENTER,AZ,89.0,86.0
030062,SUMMIT HEALTHCARE REGIONAL MEDICAL CENTER,AZ,90.0,87.0
030064,BANNER - UNIVERSITY MEDICAL CENTER TUCSON CAMPUS,AZ,88.0,87.0
030065,BANNER DESERT MEDICAL CENTER,AZ,88.0,85.0
030069,HAVASU REGIONAL MEDICAL CENTER,AZ,89.0,84.0
030071,FORT DEFIANCE INDIAN HOSPITAL,AZ,90.0,92.0
030073,TUBA CITY REGIONAL HEALTH CARE CORPORATION,AZ,90.0,91.0
030078,PHOENIX INDIAN MEDICAL CENTER,AZ,95.0,95.0
030083,ABRAZO SCOTTSDALE CAMPUS,AZ,87.0,87.0
030085,NORTHWEST MEDICAL CENTER,AZ,87.0,85.0
030087,HONORHEALTH SCOTTSDALE SHEA MEDICAL CENTER,AZ,91.0,90.0
030088,BANNER BAYWOOD MEDICAL CENTER,AZ,88.0,85.0
030089,BANNER THUNDERBIRD MEDICAL CENTER,AZ,86.0,86.0
030092,HONORHEALTH DEER VALLEY MEDICAL CENTER,AZ,91.0,87.0
030093,BANNER DEL E. WEBB MEDICAL CENTER,AZ,89.0,87.0
030094,ABRAZO ARROWHEAD HOSPITAL,AZ,88.0,87.0
030101,WESTERN ARIZONA REGIONAL MEDICAL CENTER,AZ,88.0,84.0
030103,MAYO CLINIC HOSPITAL,AZ,95.0,95.0
030105,BANNER HEART HOSPITAL,AZ,92.0,89.0
030107,ARIZONA SPINE AND JOINT HOSPITAL,AZ,94.0,94.0
030108,THE CORE INSTITUTE SPECIALTY HOSP,AZ,94.0,92.0
030110,ABRAZO WEST CAMPUS,AZ,86.0,84.0
030111,BANNER-UNIVERSITY MEDICAL CENTER SOUTH CAMPUS,AZ,89.0,91.0
030112,ARIZONA ORTHOPEDIC AND SURGICAL SPECIALTY HOSPITAL,AZ,93.0,92.0
030113,WHITERIVER PHS INDIAN HOSPITAL,AZ,90.0,91.0
030114,ORO VALLEY HOSPITAL,AZ,89.0,89.0
030115,BANNER ESTRELLA MEDICAL CENTER,AZ,90.0,90.0
030117,VALLEY VIEW MEDICAL CENTER,AZ,91.0,87.0
030119,MERCY GILBERT MEDICAL CENTER,AZ,92.0,88.0
030121,HONORHEALTH MOUNTAIN VISTA MEDICAL CENTER,AZ,86.0,88.0
030122,BANNER GATEWAY MEDICAL CENTER,AZ,91.0,89.0
030123,HONORHEALTH SCOTTSDALE THOMPSON PEAK MED CTR,AZ,93.0,89.0
03012F,PHOENIX VA MEDICAL CENTER,AZ,91.0,91.0
030130,BANNER IRONWOOD MEDICAL CENTER,AZ,91.0,87.0
030134,BANNER GOLDFIELD MEDICAL CENTER,AZ,94.0,90.0
030138,CITY OF HOPE CANCER CENTER PHOENIX,AZ,95.0,95.0
030139,DIGNITY HEALTH ARIZONA GENERAL HOSPITAL,AZ,93.0,90.0
03013F,VA S. ARIZONA HEALTHCARE SYSTEM,AZ,92.0,91.0
030146,HONORHEALTH SONORAN CROSSING MEDICAL CENTER,AZ,94.0,93.0
030147,BANNER OCOTILLO MEDICAL CENTER,AZ,91.0,88.0
030148,NORTHWEST MEDICAL CENTER SAHUARITA,AZ,89.0,88.0
03033F,VA NORTHERN ARIZONA HEALTHCARE SYSTEM,AZ,94.0,91.0
031314,COBRE VALLEY REGIONAL MEDICAL CENTER,AZ,89.0,89.0
031315,WHITE MOUNTAIN REGIONAL MEDICAL CENTER,AZ,95.0,94.0
031317,LA PAZ REGIONAL HOSPITAL,AZ,90.0,87.0
031318,BANNER PAYSON MEDICAL CENTER,AZ,93.0,91.0
031319,MT. GRAHAM REGIONAL MEDICAL CENTER,AZ,93.0,93.0
040001,SILOAM SPRINGS REGIONAL HOSPITAL,AR,92.0,92.0
040002,JOHNSON REGIONAL MEDICAL CENTER,AR,91.0,92.0
040004,WASHINGTON REGIONAL MEDICAL CENTER,AR,91.0,92.0
040007,CHI-ST VINCENT INFIRMARY,AR,89.0,92.0
040010,MERCY HOSPITAL NORTHWEST ARKANSAS,AR,91.0,92.0
040011,CHAMBERS MEMORIAL HOSPITAL,AR,89.0,91.0
040014,WHITE COUNTY MEDICAL CENTER,AR,91.0,90.0
040016,University of Arkansas Medical Sciences,AR,90.0,91.0
040017,NORTH ARKANSAS REGIONAL MEDICAL CENTER,AR,90.0,91.0
040019,FORREST CITY MEDICAL CENTER,AR,92.0,92.0
040020,ST BERNARDS MEDICAL CENTER,AR,92.0,92.0
040022,NORTHWEST MEDICAL CENTER-SPRINGDALE,AR,91.0,90.0
040026,CHI ST. VINCENT HOSPITAL HOT SPRINGS,AR,90.0,89.0
040027,BAXTER HEALTH,AR,93.0,91.0
040029,"CONWAY REGIONAL MEDICAL CENTER, INC",AR,92.0,93.0
040036,BAPTIST HEALTH MEDICAL CENTER NORTH LITTLE ROCK,AR,87.0,88.0
040039,ARKANSAS METHODIST MEDICAL CENTER,AR,90.0,92.0
040041,ST MARYS REGIONAL MEDICAL CENTER,AR,91.0,88.0
040051,BAPTIST HEALTH MEDICAL CENTER-DREW COUNTY,AR,92.0,96.0
040055,BAPTIST HEALTH - FORT SMITH,AR,89.0,89.0
040062,MERCY HOSPITAL FORT SMITH,AR,90.0,89.0
040071,JEFFERSON REGIONAL MEDICAL CENTER,AR,89.0,91.0
040078,NATIONAL PARK MEDICAL CENTER,AR,88.0,86.0
040084,SALINE MEMORIAL HOSPITAL,AR,90.0,92.0
040088,SOUTH ARKANSAS REGIONAL HOSPITAL LLC,AR,91.0,92.0
04009F,FAYETTEVILLE AR VA MEDICAL CENTER,AR,95.0,94.0
04010F,VA CENTRAL AR. VETERANS HEALTHCARE SYSTEM LR,AR,92.0,92.0
040114,BAPTIST HEALTH MEDICAL CENTER-LITTLE ROCK,AR,89.0,90.0
040118,"BAPTIST MEMORIAL HOSPITAL JONESBORO, INC.",AR,92.0,92.0
040119,WHITE RIVER MEDICAL CENTER,AR,92.0,90.0
040134,"ARKANSAS HEART HOSPITAL, LLC",AR,95.0,94.0
040137,ST VINCENT MEDICAL CENTER/NORTH,AR,92.0,91.0
040147,ARKANSAS SURGICAL HOSPITAL,AR,95.0,93.0
040154,BAPTIST HEALTH MEDICAL CENTER- CONWAY,AR,93.0,91.0
040161,ARKANSAS HEART HOSPITAL-ENCORE,AR,94.0,93.0
041311,HOWARD MEMORIAL HOSPITAL,AR,96.0,97.0
041330,PIGGOTT COMMUNITY HOSPITAL,AR,95.0,95.0
050002,ST ROSE HOSPITAL,CA,89.0,87.0
050006,PROVIDENCE ST JOSEPH HOSPITAL,CA,90.0,89.0
050007,PENINSULA MEDICAL CENTER,CA,92.0,91.0
050008,CALIFORNIA PACIFIC MEDICAL CTR-DAVIES CAMPUS HOSP,CA,90.0,92.0
050009,PROVIDENCE QUEEN OF THE VALLEY MEDICAL CENTER,CA,91.0,90.0
050013,ADVENTIST HEALTH ST HELENA,CA,92.0,92.0
050014,SUTTER AMADOR HOSPITAL,CA,94.0,93.0
050017,MERCY GENERAL HOSPITAL,CA,92.0,91.0
050022,RIVERSIDE COMMUNITY HOSPITAL,CA,87.0,86.0
050024,PARADISE VALLEY HOSPITAL,CA,87.0,86.0
050025,UC SAN DIEGO HEALTH HILLCREST - HILLCREST MED CTR,CA,91.0,91.0
050026,GROSSMONT HOSPITAL,CA,91.0,90.0
050028,MAD RIVER COMMUNITY HOSPITAL,CA,91.0,91.0
050030,OROVILLE HOSPITAL,CA,83.0,84.0
050036,BAKERSFIELD MEMORIAL HOSPITAL,CA,89.0,89.0
050038,SANTA CLARA VALLEY MEDICAL CENTER,CA,90.0,90.0
050039,ENLOE HEALTH,CA,91.0,89.0
050040,LAC/OLIVE VIEW-UCLA MEDICAL CENTER,CA,90.0,91.0
050042,ST ELIZABETH COMMUNITY HOSPITAL,CA,93.0,92.0
050043,ALTA BATES SUMMIT MEDICAL CENTER,CA,90.0,92.0
050045,EL CENTRO REGIONAL MEDICAL CENTER,CA,87.0,87.0
050047,CALIFORNIA PACIFIC MEDICAL CENTER- VAN NESS CAMPUS,CA,90.0,91.0
050054,SAN GORGONIO MEMORIAL HOSPITAL,CA,87.0,86.0
050055,CALIFORNIA PACIFIC MEDICAL CENTER - MISSION BERNAL,CA,91.0,93.0
050056,ANTELOPE VALLEY HOSPITAL,CA,86.0,85.0
050057,KAWEAH HEALTH MEDICAL CENTER,CA,89.0,90.0
050058,GLENDALE MEM HOSPITAL & HLTH CENTER,CA,90.0,88.0
050060,COMMUNITY REGIONAL MEDICAL CENTER,CA,89.0,89.0
050063,HOLLYWOOD PRESBYTERIAN MEDICAL CENTER,CA,86.0,85.0
050069,PROVIDENCE ST. JOSEPH HOSPITAL,CA,89.0,88.0
050070,KAISER FOUNDATION HOSPITAL - SOUTH SAN FRANCISCO,CA,92.0,92.0
050071,KAISER FOUNDATION HOSPITAL-SANTA CLARA,CA,89.0,92.0
050072,KAISER FOUNDATION HOSPITAL - WALNUT CREEK,CA,89.0,91.0
050073,KAISER FOUNDATION HOSPITAL AND REHAB CENTER,CA,91.0,92.0
050075,KAISER FOUNDATION HOSPITAL - OAKLAND/RICHMOND,CA,88.0,91.0
050076,KAISER FOUNDATION HOSPITAL - SAN FRANCISCO,CA,90.0,92.0
050077,SCRIPPS MERCY HOSPITAL,CA,90.0,90.0
050078,PROVIDENCE LITTLE CO OF MARY MED CTR SAN PEDRO,CA,91.0,92.0
050082,ST JOHNS REGIONAL MEDICAL CENTER,CA,89.0,89.0
050084,ST JOSEPH'S MEDICAL CENTER OF STOCKTON,CA,90.0,89.0
050089,COMMUNITY HOSPITAL OF SAN BERNARDINO,CA,88.0,88.0
050090,SONOMA VALLEY HOSPITAL,CA,94.0,94.0
050091,COMMUNITY HOSPITAL OF HUNTINGTON PARK,CA,85.0,82.0
050093,SAINT AGNES MEDICAL CENTER,CA,88.0,88.0
050099,SAN ANTONIO REGIONAL HOSPITAL,CA,89.0,87.0
050100,SHARP MEMORIAL HOSPITAL,CA,92.0,91.0
050101,SUTTER SOLANO MEDICAL CENTER,CA,91.0,90.0
050102,PARKVIEW COMMUNITY HOSPITAL MEDICAL CENTER,CA,89.0,87.0
050103,ADVENTIST HEALTH WHITE MEMORIAL,CA,89.0,88.0
050104,SAINT FRANCIS MEDICAL CENTER,CA,88.0,87.0
050107,MARIAN REGIONAL MEDICAL CENTER,CA,91.0,90.0
050108,"SUTTER MEDICAL CENTER, SACRAMENTO",CA,92.0,92.0
050110,LOMPOC VALLEY MEDICAL CENTER,CA,86.0,86.0
050112,SANTA MONICA - UCLA MED CTR & ORTHOPAEDIC HOSPITAL,CA,90.0,91.0
050113,SAN MATEO MEDICAL CENTER,CA,89.0,90.0
050115,PALOMAR HEALTH DOWNTOWN CAMPUS,CA,90.0,88.0
050116,NORTHRIDGE HOSPITAL MEDICAL CENTER,CA,89.0,87.0
050118,DOCTORS HOSPITAL OF MANTECA,CA,87.0,86.0
050121,ADVENTIST HEALTH HANFORD,CA,90.0,88.0
050122,DAMERON HOSPITAL,CA,89.0,86.0
050124,USC VERDUGO HILLS HOSPITAL,CA,90.0,90.0
050125,REGIONAL MEDICAL CENTER OF SAN JOSE,CA,89.0,85.0
050126,VALLEY PRESBYTERIAN HOSPITAL,CA,88.0,86.0
050127,WOODLAND MEMORIAL HOSPITAL,CA,92.0,92.0
050128,TRI-CITY MEDICAL CENTER,CA,88.0,87.0
050129,ST BERNARDINE MEDICAL CENTER,CA,89.0,87.0
050131,NOVATO COMMUNITY HOSPITAL,CA,92.0,94.0
050132,SAN GABRIEL VALLEY MEDICAL CENTER,CA,89.0,88.0
050133,ADVENTIST HEALTH AND RIDEOUT,CA,90.0,88.0
050135,SOUTHERN CALIFORNIA HOSPITAL AT HOLLYWOOD,CA,80.0,79.0
050136,PETALUMA VALLEY HOSPITAL,CA,91.0,90.0
050137,KAISER FOUNDATION HOSPITAL - PANORAMA CITY,CA,90.0,92.0
050138,KAISER FOUNDATION HOSPITAL - LOS ANGELES,CA,91.0,91.0
050139,KAISER FOUNDATION HOSPITAL - DOWNEY,CA,90.0,92.0
050140,KAISER FOUNDATION HOSPITAL FONTANA/ONTARIO,CA,93.0,92.0
050145,COMMUNITY HOSPITAL OF THE MONTEREY PENINSULA,CA,92.0,91.0
050149,CALIFORNIA HOSPITAL MEDICAL CENTER LA,CA,88.0,86.0
050150,SIERRA NEVADA MEMORIAL HOSPITAL,CA,92.0,90.0
050152,UCSF HEALTH SAINT FRANCIS HOSPITAL,CA,87.0,88.0
050158,ENCINO HOSPITAL MEDICAL CENTER,CA,83.0,85.0
050159,VENTURA COUNTY MEDICAL CENTER,CA,88.0,89.0
05015F,60th Medical Group (Travis AFB),CA,94.0,95.0
050167,SAN JOAQUIN GENERAL HOSPITAL,CA,87.0,87.0
050168,PROVIDENCE ST. JUDE MEDICAL CENTER,CA,91.0,90.0
050169,PIH HEALTH HOSPITAL-WHITTIER,CA,92.0,90.0
050174,PROVIDENCE SANTA ROSA MEMORIAL HOSPITAL,CA,90.0,88.0
050179,EMANUEL MEDICAL CENTER,CA,88.0,86.0
050180,JOHN MUIR MEDICAL CENTER - WALNUT CREEK CAMPUS,CA,89.0,88.0
050191,ST MARY MEDICAL CENTER,CA,88.0,87.0
050192,ADVENTIST HEALTH REEDLEY,CA,93.0,91.0
050194,WATSONVILLE COMMUNITY HOSPITAL,CA,91.0,88.0
050195,WASHINGTON HOSPITAL,CA,89.0,89.0
050197,SEQUOIA HOSPITAL,CA,92.0,93.0
050204,PALMDALE REGIONAL MEDICAL CENTER,CA,90.0,85.0
05020F,NH Camp Pendleton,CA,94.0,92.0
050211,ALAMEDA HOSPITAL,CA,89.0,91.0
050222,SHARP CHULA VISTA MEDICAL CENTER,CA,91.0,90.0
050224,HOAG MEMORIAL HOSPITAL PRESBYTERIAN,CA,92.0,92.0
050226,AHMC ANAHEIM REGIONAL MEDICAL CENTER,CA,88.0,86.0
050228,ZUCKERBERG SAN FRANCISCO GENERAL HOSP & TRAUMA CTR,CA,89.0,89.0
05022F,NMC San Diego,CA,95.0,95.0
050230,GARDEN GROVE HOSPITAL & MEDICAL CENTER,CA,84.0,82.0
050231,POMONA VALLEY HOSPITAL MEDICAL CENTER,CA,89.0,88.0
050232,FRENCH HOSPITAL MEDICAL CENTER,CA,92.0,91.0
050234,SHARP CORONADO HOSPITAL AND HLTHCR CTR,CA,94.0,91.0
050235,PROVIDENCE SAINT JOSEPH MEDICAL CTR,CA,89.0,88.0
050236,ADVENTIST HEALTH SIMI VALLEY,CA,90.0,86.0
050238,USC ARCADIA HOSPITAL,CA,87.0,87.0
050239,GLENDALE ADVENTIST MEDICAL CENTER,CA,90.0,89.0
050242,DOMINICAN HOSPITAL,CA,91.0,91.0
050243,DESERT REGIONAL MEDICAL CENTER,CA,88.0,85.0
050245,ARROWHEAD REGIONAL MEDICAL CENTER,CA,90.0,91.0
050248,NATIVIDAD MEDICAL CENTER,CA,89.0,90.0
050254,MARSHALL MEDICAL CENTER,CA,92.0,88.0
05025F,FRESNO VA MEDICAL CENTER (VA CENTRAL CALIFORNIA HEALTHCARE SYSTEM),CA,91.0,93.0
050261,SIERRA VIEW MEDICAL CENTER,CA,89.0,89.0
050262,RONALD REAGAN UCLA MEDICAL CENTER,CA,91.0,91.0
050272,REDLANDS COMMUNITY HOSPITAL,CA,91.0,90.0
050276,CONTRA COSTA REGIONAL MEDICAL CENTER,CA,89.0,91.0
050278,PROVIDENCE HOLY CROSS MEDICAL CENTER,CA,91.0,90.0
050279,HI-DESERT MEDICAL CENTER,CA,88.0,87.0
05027F,VA LONG BEACH HEALTHCARE SYSTEM,CA,89.0,93.0
050280,MERCY MEDICAL CENTER REDDING,CA,91.0,90.0
050281,ALHAMBRA HOSPITAL MEDICAL CENTER,CA,89.0,90.0
050283,STANFORD HEALTH CARE TRI-VALLEY,CA,91.0,92.0
050289,AHMC SETON MEDICAL CENTER,CA,91.0,90.0
050290,SAINT JOHN'S HEALTH CENTER,CA,88.0,88.0
050291,SUTTER SANTA ROSA REGIONAL HOSPITAL,CA,92.0,90.0
050292,RIVERSIDE UNIVERSITY HEALTH SYSTEM-MEDICAL CENTER,CA,88.0,88.0
050295,MERCY HOSPITAL,CA,89.0,86.0
050298,BARSTOW COMMUNITY HOSPITAL,CA,91.0,88.0
050300,PROVIDENCE ST MARY MEDICAL CENTER,CA,85.0,85.0
050301,ADVENTIST HEALTH UKIAH VALLEY,CA,90.0,90.0
050305,ALTA BATES SUMMIT MEDICAL CENTER - ALTA BATES CAMP,CA,87.0,88.0
050308,EL CAMINO HEALTH,CA,92.0,92.0
050309,SUTTER ROSEVILLE MEDICAL CENTER,CA,92.0,91.0
05030F,VA N CALIFORNIA HEALTHCARE SYSTEM,CA,90.0,92.0
050313,SUTTER TRACY COMMUNITY HOSPITAL,CA,89.0,90.0
050315,KERN MEDICAL CENTER,CA,87.0,89.0
05031F,PALO ALTO VA MEDICAL CENTER,CA,94.0,94.0
050320,HIGHLAND HOSPITAL,CA,88.0,90.0
050324,SCRIPPS MEMORIAL HOSPITAL LA JOLLA,CA,93.0,92.0
050327,LOMA LINDA UNIVERSITY MEDICAL CENTER,CA,92.0,91.0
050329,CORONA REGIONAL MEDICAL CENTER,CA,87.0,85.0
050334,SALINAS VALLEY MEMORIAL HOSPITAL,CA,92.0,91.0
050335,ADVENTIST HEALTH SONORA,CA,92.0,90.0
050336,ADVENTIST HEALTH LODI MEMORIAL,CA,92.0,89.0
050342,PIONEERS MEMORIAL HEALTHCARE DISTRICT,CA,88.0,88.0
050348,UCI HEALTH-ORANGE,CA,89.0,92.0
050351,TORRANCE MEMORIAL MEDICAL CENTER,CA,91.0,91.0
050352,BARTON MEMORIAL HOSPITAL,CA,92.0,94.0
050353,PROVIDENCE LITTLE COMPANY OF MARY MED CTR TORRANCE,CA,91.0,90.0
050357,GOLETA VALLEY COTTAGE HOSPITAL,CA,93.0,92.0
050360,MARINHEALTH MEDICAL CENTER,CA,90.0,89.0
050367,NORTHBAY MEDICAL CENTER,CA,89.0,89.0
050373,LOS ANGELES GENERAL MEDICAL CENTER,CA,88.0,88.0
050376,LAC/HARBOR-UCLA MED CENTER,CA,86.0,88.0
050380,GOOD SAMARITAN HOSPITAL,CA,89.0,87.0
050382,EMANATE HEALTH INTER-COMMUNITY HOSPITAL,CA,88.0,86.0
050390,HEMET GLOBAL MEDICAL CENTER,CA,83.0,83.0
050393,PIH HEALTH DOWNEY HOSPITAL,CA,92.0,91.0
050394,COMMUNITY MEMORIAL HOSPITAL - VENTURA,CA,92.0,91.0
050396,SANTA BARBARA COTTAGE HOSPITAL,CA,92.0,93.0
050407,CHINESE HOSPITAL,CA,89.0,86.0
050411,KAISER FOUNDATION HOSPITAL - SOUTH BAY,CA,90.0,91.0
050414,MERCY HOSPITAL OF FOLSOM,CA,90.0,91.0
050417,SUTTER COAST HOSPITAL,CA,92.0,90.0
050424,SCRIPPS GREEN HOSPITAL,CA,94.0,95.0
050425,KAISER FOUNDATION HOSPITAL - SACRAMENTO,CA,89.0,90.0
050426,WEST ANAHEIM MEDICAL CENTER,CA,85.0,83.0
050438,HUNTINGTON HOSPITAL,CA,89.0,89.0
050441,STANFORD HEALTH CARE,CA,93.0,93.0
050444,MERCY MEDICAL CENTER,CA,90.0,88.0
050454,UCSF MEDICAL CENTER,CA,93.0,92.0
050455,ADVENTIST HEALTH BAKERSFIELD,CA,89.0,89.0
050457,UCSF HEALTH ST. MARY'S HOSPITAL,CA,90.0,91.0
050464,DOCTORS MEDICAL CENTER,CA,87.0,86.0
050468,MEMORIAL HOSPITAL OF GARDENA,CA,83.0,82.0
050471,PIH HEALTH GOOD SAMARITAN HOSPITAL,CA,88.0,88.0
050481,UCLA WEST VALLEY MEDICAL CENTER,CA,87.0,84.0
050485,MEMORIALCARE LONG BEACH MEDICAL CENTER,CA,89.0,88.0
050488,EDEN MEDICAL CENTER,CA,89.0,89.0
050492,CLOVIS COMMUNITY MEDICAL CENTER,CA,90.0,88.0
050496,JOHN MUIR MEDICAL CENTER - CONCORD CAMPUS,CA,92.0,91.0
050498,SUTTER AUBURN FAITH HOSPITAL,CA,93.0,92.0
050503,SCRIPPS MEMORIAL HOSPITAL - ENCINITAS,CA,92.0,92.0
050506,ADVENTIST HEALTH SIERRA VISTA,CA,89.0,88.0
050510,KAISER FOUNDATION HOSPITAL,CA,91.0,93.0
050512,KAISER FOUNDATION HOSPITAL - FREMONT,CA,88.0,90.0
050515,KAISER FOUNDATION HOSPITAL - SAN DIEGO,CA,92.0,92.0
050516,MERCY SAN JUAN MEDICAL CENTER,CA,90.0,89.0
050517,VICTOR VALLEY GLOBAL MEDICAL CENTER,CA,83.0,79.0
050523,SUTTER DELTA MEDICAL CENTER,CA,87.0,88.0
050526,HUNTINGTON BEACH HOSPITAL,CA,83.0,79.0
050528,MEMORIAL HOSPITAL LOS BANOS,CA,90.0,88.0
050534,JOHN F KENNEDY MEMORIAL HOSPITAL,CA,88.0,87.0
050537,SUTTER DAVIS HOSPITAL,CA,91.0,92.0
050541,KAISER FOUNDATION HOSPITAL - REDWOOD CITY,CA,92.0,93.0
050549,LOS ROBLES HOSPITAL & MEDICAL CENTER,CA,89.0,90.0
050551,UCI HEALTH - LOS ALAMITOS,CA,88.0,85.0
050557,MEMORIAL MEDICAL CENTER,CA,91.0,90.0
050561,KAISER FOUNDATION HOSPITAL - WEST LA,CA,90.0,92.0
050567,PROVIDENCE MISSION HOSPITAL,CA,91.0,89.0
050570,UCI HEALTH - FOUNTAIN VALLEY,CA,87.0,83.0
050573,EISENHOWER MEDICAL CENTER,CA,91.0,89.0
050580,LA PALMA INTERCOMMUNITY HOSPITAL,CA,87.0,82.0
050581,UCI HEALTH-LAKEWOOD,CA,83.0,84.0
050586,CHINO VALLEY MEDICAL CENTER,CA,86.0,85.0
050588,SAN DIMAS COMMUNITY HOSPITAL,CA,87.0,84.0
050589,UCI HEALTH - PLACENTIA LINDA,CA,87.0,83.0
050590,METHODIST HOSPITAL OF SACRAMENTO,CA,90.0,91.0
050597,EMANATE HEALTH FOOTHILL PRESBYTERIAN HOSPITAL,CA,89.0,88.0
050599,UNIVERSITY OF CALIFORNIA DAVIS MEDICAL CENTER,CA,90.0,90.0
050603,MEMORIALCARE SADDLEBACK MEDICAL CENTER,CA,91.0,91.0
050604,KAISER FOUNDATION HOSPITAL-SAN JOSE,CA,88.0,91.0
050608,ADVENTIST HEALTH DELANO,CA,90.0,87.0
050609,KAISER FOUNDATION HOSPITAL - ORANGE COUNTY - ANAHEIM,CA,93.0,92.0
050624,HENRY MAYO NEWHALL  HOSPITAL,CA,90.0,90.0
050625,CEDARS-SINAI MEDICAL CENTER,CA,90.0,90.0
050633,ADVENTIST HEALTH TWIN CITIES,CA,89.0,88.0
050636,PALOMAR MEDICAL CENTER POWAY,CA,89.0,87.0
050641,EAST LOS ANGELES DOCTORS HOSPITAL,CA,81.0,80.0
050663,LOS ANGELES COMMUNITY HOSPITAL,CA,78.0,75.0
050674,KAISER FOUNDATION HOSP SO SACRAMENTO,CA,90.0,91.0
050677,KAISER FOUNDATION HOSPITAL - WOODLAND HILLS,CA,90.0,91.0
050678,MEMORIALCARE ORANGE COAST MEDICAL CENTER,CA,90.0,90.0
050684,MENIFEE GLOBAL MEDICAL CENTER,CA,84.0,83.0
050686,"KAISER FOUNDATION HOSPITAL, RIVERSIDE",CA,92.0,90.0
050689,SAN RAMON REGIONAL MEDICAL CENTER,CA,89.0,89.0
050690,KAISER FOUNDATION HOSPITAL-SANTA ROSA,CA,90.0,91.0
050696,KECK HOSPITAL OF USC,CA,93.0,92.0
050701,SOUTHWEST HEALTHCARE RANCHO SPRINGS HOSPITAL,CA,90.0,87.0
050704,MISSION COMMUNITY HOSPITAL,CA,82.0,85.0
050708,FRESNO SURGICAL HOSPITAL,CA,94.0,92.0
050709,DESERT VALLEY HOSPITAL,CA,87.0,81.0
050710,KAISER FOUNDATION HOSPITAL - FRESNO,CA,90.0,91.0
050714,SUTTER MATERNITY & SURGERY CENTER OF SANTA CRUZ,CA,93.0,95.0
050717,LAC/RANCHO LOS AMIGOS NATIONAL REHABILITATION  CTR,CA,93.0,92.0
050723,KAISER FOUNDATION HOSPITAL - BALDWIN PARK,CA,91.0,92.0
050735,WHITTIER HOSPITAL MEDICAL CENTER,CA,89.0,89.0
050736,MONTEREY PARK HOSPITAL,CA,89.0,86.0
050737,GARFIELD MEDICAL CENTER,CA,89.0,89.0
050738,GREATER EL MONTE COMMUNITY HOSPITAL,CA,91.0,91.0
050739,CENTINELA HOSPITAL MEDICAL CENTER,CA,82.0,78.0
050740,CEDAR-SINAI MARINA DEL REY HOSPITAL,CA,88.0,89.0
050746,ORANGE COUNTY GLOBAL MEDICAL CENTER,CA,86.0,85.0
050748,KAISER FOUNDATION HOSPITAL MANTECA,CA,90.0,91.0
050755,SHERMAN OAKS HOSPITAL,CA,83.0,80.0
050758,MONTCLAIR HOSPITAL MEDICAL CENTER,CA,85.0,86.0
050760,KAISER FOUNDATION HOSPITAL - ANTIOCH,CA,89.0,91.0
050761,PROVIDENCE CEDARS SINAI TARZANA MEDICAL CENTER,CA,90.0,88.0
050764,SHASTA REGIONAL MEDICAL CENTER,CA,89.0,83.0
050765,KAISER FOUNDATION HOSPITAL-MORENO VALLEY,CA,92.0,91.0
050767,KAISER FOUNDATION HOSPITAL - VACAVILLE,CA,90.0,92.0
050769,HOAG ORTHOPEDIC INSTITUTE,CA,95.0,93.0
050770,LOMA LINDA UNIVERSITY MEDICAL CENTER-MURRIETA,CA,88.0,86.0
050771,COAST PLAZA HOSPITAL,CA,76.0,73.0
050772,KAISER FOUNDATION HOSPITAL - ROSEVILLE,CA,91.0,91.0
050775,TEMECULA VALLEY HOSPITAL,CA,91.0,89.0
050777,KAISER FOUNDATION HOSPITAL - SAN LEANDRO,CA,89.0,91.0
050778,LOMA LINDA UNIVERSITY CHILDREN'S HOSPITAL,CA,91.0,91.0
050779,"MARTIN LUTHER KING, JR. COMMUNITY HOSPITAL",CA,87.0,90.0
050780,FOOTHILL REGIONAL MEDICAL CENTER,CA,84.0,82.0
050782,CASA COLINA HOSPITAL,CA,91.0,91.0
050784,ADVENTIST HEALTH TULARE,CA,90.0,90.0
050855,KAISER FOUNDATION HOSPITAL - SAN MARCOS,CA,93.0,94.0
05114F,VA SAN DIEGO HEALTHCARE SYSTEM,CA,92.0,93.0
05127F,LOMA LINDA VA MEDICAL CENTER,CA,91.0,92.0
05128F,VA GREATER LOS ANGELES HEALTHCARE SYSTEM,CA,90.0,91.0
051301,ADVENTIST HEALTH TEHACHAPI VALLEY,CA,94.0,90.0
051303,MAMMOTH HOSPITAL,CA,97.0,96.0
05130F,SAN FRANCISCO VA MEDICAL CENTER,CA,93.0,94.0
051310,ADVENTIST HEALTH HOWARD MEMORIAL,CA,92.0,92.0
051316,FAIRCHILD MEDICAL CENTER,CA,94.0,91.0
051317,ADVENTIST HEALTH CLEARLAKE,CA,91.0,85.0
051318,PROVIDENCE REDWOOD MEMORIAL HOSPITAL,CA,93.0,94.0
051319,MERCY MEDICAL CENTER OF MT SHASTA,CA,92.0,93.0
051324,NORTHERN INYO HOSPITAL,CA,92.0,92.0
051325,ADVENTIST HEALTH MENDOCINO COAST,CA,94.0,95.0
051328,TAHOE FOREST HOSPITAL,CA,95.0,94.0
051329,SUTTER LAKESIDE HOSPITAL,CA,90.0,91.0
051332,MARK TWAIN MEDICAL CENTER,CA,96.0,92.0
060001,BANNER NORTH COLORADO MEDICAL CENTER,CO,91.0,90.0
060003,LONGMONT UNITED HOSPITAL,CO,89.0,88.0
060004,INTERMOUNTAIN HEALTH PLATTE VALLEY HOSPITAL,CO,91.0,91.0
060006,MONTROSE REGIONAL HEALTH,CO,93.0,92.0
060008,SAN LUIS VALLEY REGIONAL  MEDICAL CENTER,CO,92.0,92.0
060009,LUTHERAN MEDICAL CENTER,CO,91.0,91.0
060010,POUDRE VALLEY HOSPITAL,CO,92.0,92.0
060011,DENVER HEALTH & HOSPITAL AUTHORITY,CO,90.0,91.0
060012,ST MARY-CORWIN HOSPITAL,CO,92.0,94.0
060013,MERCY REGIONAL MEDICAL CENTER,CO,92.0,91.0
060014,HCA HEALTHONE PRESBYTERIAN ST LUKES,CO,91.0,91.0
060015,CENTURA HEALTH-ST ANTHONY HOSPITAL,CO,89.0,89.0
060020,"PARKVIEW MEDICAL CENTER, INC",CO,89.0,87.0
060022,UCH-MEMORIAL HEALTH SYSTEM,CO,91.0,90.0
060023,INTERMOUNTAIN HEALTH ST. MARY'S REGIONAL HOSPITAL,CO,91.0,90.0
060024,UNIVERSITY OF COLORADO HOSPITAL AUTHORITY,CO,90.0,91.0
060027,BOULDER COMMUNITY HEALTH,CO,92.0,92.0
060028,SAINT JOSEPH HOSPITAL,CO,93.0,93.0
060030,BANNER MCKEE MEDICAL CENTER,CO,90.0,88.0
060031,CENTURA HEALTH-PENROSE ST FRANCIS HEALTH SERVICES,CO,89.0,90.0
060032,HCA HEALTHONE ROSE,CO,91.0,91.0
060034,HCA-HEALTHONE DBA SWEDISH MEDICAL CENTER,CO,86.0,86.0
06003F,Evans ACH (FT Carson),CO,94.0,93.0
060044,ST ELIZABETH HOSPITAL,CO,92.0,94.0
060049,UCHEALTH YAMPA VALLEY MEDICAL CENTER,CO,93.0,91.0
060054,COMMUNITY HOSPITAL,CO,92.0,93.0
06005F,VA EASTERN COLORADO HEALTHCARE SYSTEM,CO,93.0,94.0
060064,AdventHealth Porter,CO,91.0,92.0
060065,HCA HEALTHONE MOUNTAIN RIDGE,CO,86.0,86.0
060071,DELTA COUNTY MEMORIAL HOSPITAL,CO,93.0,90.0
060075,VALLEY VIEW HOSPITAL ASSOCIATION,CO,91.0,92.0
060076,STERLING REGIONAL MEDCENTER,CO,91.0,92.0
06007F,GRAND JUNCTION VA MEDICAL CENTER,CO,94.0,95.0
060096,VAIL HEALTH HOSPITAL,CO,92.0,94.0
060100,THE MEDICAL CENTER OF AURORA & SOUTH HOSPITAL,CO,87.0,89.0
060103,ADVENTHEALTH AVISTA,CO,91.0,92.0
060104,CENTURA HEALTH-ST ANTHONY NORTH HEALTH CAMPUS,CO,89.0,89.0
060112,SKY RIDGE MEDICAL CENTER,CO,88.0,89.0
060113,AdventHealth Littleton,CO,92.0,91.0
060114,AdventHealth Parker,CO,91.0,90.0
060116,GOOD SAMARITAN MEDICAL CENTER LLC,CO,92.0,91.0
060117,"ANIMAS SURGICAL HOSPITAL, LLC",CO,97.0,95.0
060118,ST ANTHONY SUMMIT MEDICAL CENTER,CO,95.0,94.0
060119,MEDICAL CENTER OF THE ROCKIES,CO,92.0,92.0
060124,ORTHOCOLORADO HOSP AT ST ANTHONY MED CAMPUS,CO,93.0,93.0
060125,ADVENTHEALTH CASTLE ROCK,CO,91.0,91.0
060126,BANNER FORT COLLINS MEDICAL CENTER,CO,92.0,93.0
060128,LONGS PEAK HOSPITAL,CO,91.0,90.0
060129,UCHEALTH BROOMFIELD HOSPITAL,CO,92.0,91.0
060131,UCHEALTH GREELEY HOSPITAL,CO,92.0,91.0
060132,UCHEALTH HIGHLANDS RANCH HOSPITAL,CO,91.0,90.0
060133,ST FRANCIS HOSPITAL - INTERQUEST,CO,95.0,94.0
061322,HEART OF THE ROCKIES REGIONAL MEDICAL CENTER,CO,89.0,89.0
061324,ASPEN VALLEY HOSPITAL,CO,93.0,92.0
061327,SOUTHWEST MEMORIAL HOSPITAL,CO,95.0,95.0
061344,ST THOMAS MORE HOSPITAL,CO,93.0,92.0
070002,ST FRANCIS HOSPITAL & MEDICAL CENTER,CT,85.0,89.0
070003,DAY KIMBALL HOSPITAL,CT,90.0,88.0
070004,SHARON HOSPITAL,CT,93.0,92.0
070005,WATERBURY HOSPITAL,CT,89.0,89.0
070006,STAMFORD HOSPITAL,CT,91.0,91.0
070007,LAWRENCE & MEMORIAL HOSPITAL,CT,91.0,89.0
070008,JOHNSON MEMORIAL HOSPITAL,CT,91.0,91.0
070010,BRIDGEPORT HOSPITAL,CT,91.0,91.0
070011,CHARLOTTE HUNGERFORD HOSPITAL,CT,91.0,89.0
070016,SAINT MARY'S HOSPITAL,CT,89.0,89.0
070017,MIDSTATE MEDICAL CENTER,CT,93.0,92.0
070018,GREENWICH HOSPITAL ASSOCIATION -,CT,91.0,91.0
070020,MIDDLESEX HOSPITAL,CT,92.0,92.0
070021,WINDHAM COMMUNITY MEMORIAL HOSPITAL,CT,92.0,90.0
070022,YALE-NEW HAVEN HOSPITAL,CT,90.0,90.0
070024,WILLIAM W BACKUS HOSPITAL,CT,90.0,90.0
070025,HARTFORD HOSPITAL,CT,89.0,89.0
070027,MANCHESTER MEMORIAL HOSPITAL,CT,89.0,88.0
070028,ST VINCENT'S MEDICAL CENTER,CT,90.0,91.0
070029,BRISTOL HOSPITAL,CT,90.0,90.0
070031,GRIFFIN HOSPITAL,CT,92.0,90.0
070033,DANBURY HOSPITAL,CT,91.0,90.0
070034,NORWALK HOSPITAL,CT,91.0,91.0
070035,THE HOSPITAL OF CENTRAL CONNECTICUT,CT,89.0,90.0
070036,JOHN DEMPSEY HOSPITAL OF THE UNIVERSITY OF CONNECT,CT,92.0,92.0
07003F,WEST HAVEN VA MEDICAL CENTER,CT,92.0,93.0
080001,CHRISTIANA HOSPITAL,DE,90.0,89.0
080003,ST FRANCIS HOSPITAL,DE,90.0,91.0
080004,"BAYHEALTH MEDICAL CENTER, KENT CAMPUS",DE,89.0,89.0
080006,"TIDALHEALTH NANTICOKE, INC.",DE,92.0,91.0
080007,BEEBE MEDICAL CENTER,DE,92.0,90.0
080009,"BAYHEALTH HOSPITAL, SUSSEX CAMPUS",DE,92.0,90.0
08002F,WILMINGTON VA MEDICAL CENTER,DE,91.0,93.0
090001,GEORGE WASHINGTON UNIV HOSPITAL,DC,85.0,90.0
090003,HOWARD UNIVERSITY HOSPITAL CORP,DC,84.0,88.0
090004,MEDSTAR GEORGETOWN UNIVERSITY HOSPITAL,DC,90.0,91.0
090005,SIBLEY MEMORIAL HOSPITAL,DC,89.0,91.0
090011,MEDSTAR WASHINGTON HOSPITAL CENTER,DC,86.0,89.0
09002F,WASHINGTON DC VA MEDICAL CENTER,DC,89.0,93.0
100001,SHANDS JACKSONVILLE,FL,90.0,90.0
100002,BETHESDA HOSPITAL EAST,FL,85.0,84.0
100006,ORLANDO HEALTH,FL,90.0,90.0
100007,ADVENTHEALTH ORLANDO,FL,91.0,89.0
100008,BAPTIST HOSPITAL OF MIAMI,FL,90.0,91.0
100012,LEE MEMORIAL HOSPITAL,FL,91.0,90.0
100014,ADVENTHEALTH NEW SMYRNA BEACH,FL,91.0,90.0
100017,HALIFAX HEALTH MEDICAL CENTER,FL,89.0,88.0
100018,NAPLES COMMUNITY HOSPITAL,FL,88.0,89.0
100019,HOLMES REGIONAL MEDICAL CENTER,FL,89.0,87.0
100022,JACKSON HEALTH SYSTEM,FL,89.0,90.0
100023,HCA FLORIDA CITRUS HOSPITAL,FL,89.0,86.0
100025,SACRED HEART HOSPITAL,FL,88.0,88.0
100026,ASCENSION SACRED HEART BAY,FL,90.0,89.0
100028,PARRISH MEDICAL CENTER,FL,87.0,88.0
100029,NORTH SHORE MEDICAL CENTER,FL,82.0,83.0
100030,ORLANDO HEALTH-HEALTH CENTRAL HOSPITAL,FL,91.0,91.0
100032,ORLANDO HEALTH BAYFRONT HOSPITAL,FL,89.0,89.0
100034,"MOUNT SINAI MEDICAL CENTER OF FLORIDA, INC",FL,90.0,90.0
100035,MANATEE MEMORIAL HOSPITAL,FL,89.0,86.0
100038,MEMORIAL REGIONAL HOSPITAL,FL,88.0,88.0
100039,BROWARD HEALTH MEDICAL CENTER,FL,87.0,86.0
100040,ASCENSION ST VINCENT'S RIVERSIDE,FL,90.0,88.0
100043,MEASE DUNEDIN HOSPITAL,FL,94.0,92.0
100044,CLEVELAND CLINIC MARTIN NORTH HOSPITAL,FL,89.0,89.0
100045,ADVENTHEALTH DELAND,FL,91.0,90.0
100046,Adventhealth Zephyrhills,FL,92.0,89.0
100049,HCA FLORIDA HIGHLANDS HOSPITAL,FL,90.0,86.0
100050,LARKIN COMMUNITY HOSPITAL PALM SPRINGS CAMPUS,FL,91.0,91.0
100051,ORLANDO HEALTH SOUTH LAKE HOSPITAL,FL,92.0,90.0
100052,WINTER HAVEN HOSPITAL,FL,90.0,88.0
100053,HIALEAH HOSPITAL,FL,89.0,88.0
100054,HCA FLORIDA TWIN CITIES HOSPITAL,FL,94.0,93.0
100055,ADVENTHEALTH NORTH PINELLAS,FL,91.0,89.0
100057,ADVENTHEALTH WATERMAN,FL,91.0,88.0
100062,ADVENTHEALTH OCALA,FL,90.0,88.0
100063,MORTON PLANT NORTH BAY HOSPITAL,FL,93.0,90.0
100067,ST ANTHONYS HOSPITAL,FL,92.0,90.0
100068,ADVENTHEALTH DAYTONA BEACH,FL,91.0,89.0
100069,AdventHealth Carrollwood,FL,91.0,90.0
100071,TAMPA GENERAL HOSPITAL BROOKSVILLE,FL,86.0,81.0
100072,ADVENTHEALTH FISH MEMORIAL,FL,93.0,90.0
100073,HOLY CROSS HOSPITAL,FL,87.0,88.0
100075,ST JOSEPHS HOSPITAL,FL,91.0,90.0
100077,Adventhealth Port Charlotte,FL,86.0,84.0
100080,HCA FLORIDA JFK HOSPITAL,FL,85.0,86.0
100084,UF HEALTH LEESBURG HOSPITAL,FL,91.0,86.0
100086,BROWARD HEALTH NORTH,FL,87.0,86.0
100087,SARASOTA MEMORIAL HOSPITAL,FL,91.0,90.0
100088,BAPTIST HEALTH MEDICAL CENTER - JACKSONVILLE,FL,91.0,89.0
100090,FLAGLER HOSPITAL,FL,90.0,91.0
100092,ORLANDO HEALTH ROCKLEDGE HOSPITAL,FL,90.0,88.0
100093,BAPTIST HOSPITAL,FL,91.0,89.0
100099,ADVENTHEALTH LAKE WALES,FL,90.0,88.0
10009F,BAY PINES VA MEDICAL CENTER,FL,93.0,92.0
100105,CLEVELAND CLINIC INDIAN RIVER HOSPITAL,FL,90.0,89.0
100107,HCA FLORIDA LEHIGH REGIONAL MEDICAL CENTER,FL,87.0,88.0
100109,ADVENTHEALTH SEBRING,FL,88.0,86.0
100110,HCA FLORIDA OSCEOLA HOSPITAL,FL,86.0,86.0
100113,UF HEALTH SHANDS HOSPITAL,FL,91.0,90.0
100117,BAPTIST MEDICAL CENTER  BEACHES,FL,93.0,92.0
100118,AdventHealth Palm Coast,FL,92.0,89.0
100121,BARTOW REGIONAL MEDICAL CENTER,FL,91.0,88.0
100122,NORTH OKALOOSA MEDICAL CENTER,FL,88.0,85.0
100124,SANTA ROSA MEDICAL CENTER,FL,90.0,89.0
100125,HOMESTEAD HOSPITAL,FL,90.0,90.0
100126,HCA FLORIDA PASADENA HOSPITAL A PART OF HCA FLORID,FL,91.0,91.0
100127,MORTON PLANT HOSPITAL,FL,92.0,90.0
100128,TAMPA GENERAL HOSPITAL,FL,91.0,89.0
100131,HCA FLORIDA AVENTURA HOSPITAL,FL,87.0,88.0
100132,SOUTH FLORIDA BAPTIST HOSPITAL,FL,92.0,89.0
100135,TALLAHASSEE MEMORIAL HEALTHCARE,FL,89.0,90.0
100137,ADVENTHEALTH HEART OF FLORIDA,FL,90.0,88.0
10013F,NH Jacksonville,FL,93.0,91.0
100140,BAPTIST MEDICAL CENTER - NASSAU,FL,90.0,91.0
100142,JACKSON HOSPITAL,FL,93.0,93.0
100150,LOWER KEYS MEDICAL CENTER,FL,91.0,91.0
100151,MAYO CLINIC,FL,94.0,93.0
100154,SOUTH MIAMI HOSPITAL,FL,91.0,90.0
100156,HCA FLORIDA LAKE CITY HOSPITAL,FL,90.0,88.0
100157,LAKELAND REGIONAL MEDICAL CENTER,FL,90.0,88.0
100161,CENTRAL FLORIDA LAKE MONROE HOSPITAL,FL,85.0,83.0
100166,HCA FLORIDA SARASOTA DOCTORS HOSPITAL,FL,90.0,88.0
100167,HCA FLORIDA MERCY HOSPITAL,FL,88.0,87.0
100168,BOCA RATON REGIONAL HOSPITAL,FL,88.0,89.0
100173,ADVENTHEALTH TAMPA,FL,90.0,89.0
100175,DESOTO MEMORIAL HOSPITAL,FL,92.0,92.0
100176,PALM BEACH GARDENS MEDICAL CENTER,FL,85.0,87.0
100177,CAPE CANAVERAL HOSPITAL,FL,91.0,89.0
100179,HCA FLORIDA MEMORIAL HOSPITAL,FL,89.0,86.0
100180,HCA FLORIDA ST PETERSBURG HOSPITAL,FL,90.0,88.0
100183,CORAL GABLES HOSPITAL,FL,89.0,89.0
100187,PALMETTO GENERAL HOSPITAL,FL,88.0,89.0
100189,HCA FLORIDA NORTHWEST HOSPITAL,FL,84.0,83.0
100191,HCA FLORIDA TRINITY HOSPITAL,FL,87.0,87.0
100200,BROWARD HEALTH IMPERIAL POINT,FL,88.0,89.0
100204,HCA FLORIDA NORTH FLORIDA HOSPITAL,FL,87.0,87.0
100206,HCA FLORIDA SOUTH TAMPA HOSPITAL,FL,91.0,90.0
100209,HCA FLORIDA KENDALL HOSPITAL,FL,88.0,88.0
100211,ADVENTHEALTH DADE CITY,FL,92.0,90.0
100212,MARION COMMUNTIY HOSPITAL,FL,89.0,87.0
100213,HCA FLORIDA BLAKE HOSPITAL,FL,87.0,86.0
100217,ORLANDO HEALTH SEBASTIAN RIVER HOSPITAL,FL,87.0,88.0
10021F,96th Medical Group (Eglin AFB),FL,94.0,93.0
100220,GULF COAST MEDICAL CENTER LEE HEALTH,FL,91.0,89.0
100223,HCA FLORIDA FORT WALTON-DESTIN HOSPITAL,FL,90.0,89.0
100224,UNIVERSITY HOSPITAL AND MEDICAL CENTER,FL,86.0,85.0
100226,HCA FLORIDA ORANGE PARK HOSPITAL,FL,87.0,86.0
100228,WESTSIDE REGIONAL MEDICAL CENTER,FL,87.0,88.0
100230,MEMORIAL HOSPITAL PEMBROKE,FL,92.0,91.0
100231,HCA FLORIDA WEST HOSPITAL,FL,92.0,90.0
100232,HCA FLORIDA PUTNAM HOSPITAL,FL,90.0,88.0
100236,HCA FLORIDA FAWCETT HOSPITAL,FL,84.0,84.0
100238,HCA FLORIDA NORTHSIDE HOSPITAL,FL,87.0,85.0
100242,HCA FLORIDA GULF COAST HOSPITAL,FL,87.0,87.0
100243,HCA FLORIDA BRANDON HOSPITAL,FL,88.0,86.0
100244,CAPE CORAL HOSPITAL,FL,92.0,89.0
100246,HCA FLORIDA LAWNWOOD HOSPITAL,FL,88.0,86.0
100248,HCA FLORIDA LARGO HOSPITAL,FL,84.0,83.0
100249,TAMPA GENERAL HOSPITAL CRYSTAL RIVER,FL,90.0,86.0
100252,HCA FLORIDA RAULERSON HOSPITAL,FL,91.0,87.0
100253,JUPITER MEDICAL CENTER,FL,90.0,91.0
100254,HCA FLORIDA CAPITAL HOSPITAL,FL,87.0,87.0
100256,HCA FLORIDA BAYONET POINT HOSPITAL,FL,89.0,86.0
100258,DELRAY MEDICAL CENTER,FL,81.0,81.0
100259,HCA FLORIDA SOUTH SHORE HOSPITAL,FL,88.0,86.0
100260,ST LUCIE MEDICAL CENTER,FL,89.0,86.0
100264,HCA FLORIDA OAK HILL HOSPITAL,FL,88.0,85.0
100265,MEASE COUNTRYSIDE HOSPITAL,FL,92.0,89.0
100266,GULF BREEZE HOSPITAL,FL,94.0,92.0
100267,HCA FLORIDA ENGLEWOOD HOSPITAL,FL,91.0,89.0
100268,WEST BOCA MEDICAL CENTER,FL,84.0,83.0
100269,HCA FLORIDA PALMS WEST HOSPITAL,FL,88.0,87.0
100275,WELLINGTON REGIONAL MEDICAL CENTER,FL,85.0,84.0
100276,BROWARD HEALTH CORAL SPRINGS,FL,89.0,89.0
100281,MEMORIAL HOSPITAL WEST,FL,91.0,91.0
100285,MEMORIAL HOSPITAL MIRAMAR,FL,92.0,91.0
100286,PHYSICIANS REGIONAL MEDICAL CENTER - PINE RIDGE,FL,87.0,89.0
100287,GOOD SAMARITAN MEDICAL CENTER,FL,86.0,86.0
100288,ST MARY'S MEDICAL CENTER,FL,83.0,85.0
100289,CLEVELAND CLINIC HOSPITAL,FL,91.0,92.0
100290,"VILLAGES REGIONAL HOSPITAL, THE",FL,91.0,86.0
100291,ORLANDO HEALTH MELBOURNE HOSPITAL,FL,89.0,89.0
100292,SACRED HEART HOSPITAL ON THE EMERALD COAST,FL,93.0,92.0
100296,DOCTORS HOSPITAL,FL,89.0,91.0
100299,LAKEWOOD RANCH MEDICAL CENTER,FL,89.0,87.0
100302,ORLANDO HEALTH ST CLOUD HOSPITAL,FL,89.0,89.0
100307,ASCENSION ST VINCENT'S SOUTHSIDE,FL,89.0,87.0
100314,WEST KENDALL BAPTIST HOSPITAL,FL,90.0,90.0
100315,VIERA HOSPITAL,FL,92.0,90.0
100316,PALM BAY HOSPITAL,FL,90.0,89.0
100319,ADVENTHEALTH WESLEY CHAPEL,FL,92.0,90.0
100320,HCA FLORIDA POINCIANA HOSPITAL,FL,89.0,88.0
100321,ASCENSION ST VINCENT'S CLAY COUNTY,FL,91.0,89.0
100329,OVIEDO MEDICAL CENTER,FL,92.0,91.0
100330,HALIFAX HEALTH /UF HEALTH MEDICAL CENTER OF DELTON,FL,87.0,88.0
100350,UCF LAKE NONA HOSPITAL,FL,91.0,90.0
100359,SARASOTA MEMORIAL HOSPITAL - VENICE,FL,93.0,90.0
100360,HCA FLORIDA UNIVERSITY HOSPITAL,FL,86.0,88.0
100361,ASCENSION ST VINCENT'S ST JOHNS COUNTY,FL,92.0,89.0
100362,BAYCARE HOSPITAL WESLEY CHAPEL,FL,93.0,90.0
100363,ADVENTHEALTH PALM COAST PARKWAY,FL,92.0,89.0
10057F,VA NORTH FLORIDA/SOUTH GEORGIA HEALTHCARE SYSTEM - GAINESVILLE,FL,93.0,93.0
10063F,TAMPA VA MEDICAL CENTER,FL,93.0,92.0
10064F,MIAMI VA MEDICAL CENTER,FL,91.0,93.0
10065F,W PALM BEACH VA MEDICAL CENTER,FL,89.0,92.0
10099F,ORLANDO VA MEDICAL CENTER,FL,94.0,95.0
110001,HAMILTON MEDICAL CENTER,GA,92.0,90.0
110002,UPSON REGIONAL MEDICAL CENTER,GA,95.0,93.0
110003,Memorial Satilla Health,GA,92.0,92.0
110005,NORTHSIDE HOSPITAL FORSYTH,GA,91.0,90.0
110006,ST MARY'S HOSPITAL,GA,90.0,89.0
110007,PHOEBE PUTNEY MEMORIAL HOSPITAL,GA,87.0,89.0
110008,NORTHSIDE HOSPITAL CHEROKEE,GA,93.0,91.0
110010,EMORY UNIVERSITY HOSPITAL,GA,90.0,92.0
110011,TANNER MEDICAL CENTER - CARROLLTON,GA,93.0,91.0
110015,TANNER MEDICAL CENTER VILLA RICA,GA,92.0,90.0
110016,WELLSTAR WEST GEORGIA MEDICAL CENTER,GA,94.0,94.0
110018,PIEDMONT NEWTON HOSPITAL,GA,88.0,89.0
110023,ADVENTHEALTH GORDON,GA,92.0,93.0
110024,CANDLER HOSPITAL,GA,89.0,90.0
110025,SOUTHEAST GEORGIA HEALTH SYSTEM- BRUNSWICK CAMPUS,GA,91.0,92.0
110027,"TY COBB REGIONAL MEDICAL CENTER, LLC",GA,91.0,90.0
110028,PIEDMONT AUGUSTA HOSPITAL,GA,89.0,90.0
110029,"NORTHEAST GEORGIA MEDICAL CENTER, INC",GA,89.0,90.0
110030,PIEDMONT CARTERSVILLE MEDICAL CENTER,GA,91.0,89.0
110031,WELLSTAR SPALDING MEDICAL CENTER,GA,88.0,89.0
110032,STEPHENS COUNTY HOSPITAL,GA,91.0,90.0
110034,"WELLSTAR MCG HEALTH, AFFILIATED WITH MED COL",GA,89.0,91.0
110035,WELLSTAR KENNESTONE REGIONAL MEDICAL CENTER,GA,87.0,89.0
110036,SAVANNAH HEALTH SERVICES LLC DBA MEMORIAL HEALTH UNIVERSITY MEDICAL CENTER,GA,88.0,89.0
110038,ARCHBOLD MEMORIAL HOSPITAL,GA,92.0,91.0
110041,NORTHEAST GEORGIA MEDICAL CENTER HABERSHAM,GA,91.0,88.0
110042,WELLSTAR PAULDING MEDICAL CENTER,GA,92.0,90.0
110043,ST JOSEPH'S HOSPITAL - SAVANNAH,GA,90.0,92.0
110044,PHOEBE SUMTER MEDICAL CENTER,GA,89.0,89.0
110045,"NGMC BARROW, LLC",GA,91.0,90.0
110046,PIEDMONT WALTON HOSPITAL,GA,90.0,90.0
110050,ADVENTHEALTH MURRAY,GA,96.0,96.0
110051,UNION GENERAL HOSPITAL,GA,92.0,92.0
110054,ATRIUM HEALTH FLOYD MEDICAL CENTER,GA,91.0,89.0
110064,PIEDMONT COLUMBUS REGIONAL MIDTOWN,GA,89.0,90.0
110069,EMORY HOUSTON HOSPITAL WARNER ROBINS,GA,88.0,87.0
110074,PIEDMONT ATHENS REGIONAL MEDICAL CENTER,GA,92.0,91.0
110075,EAST GEORGIA REGIONAL MEDICAL CENTER,GA,92.0,93.0
110076,EMORY DECATUR HOSPITAL,GA,90.0,92.0
110078,EMORY UNIVERSITY HOSPITAL MIDTOWN,GA,89.0,91.0
110079,GRADY MEMORIAL HOSPITAL,GA,87.0,89.0
110082,"SAINT JOSEPH'S HOSPITAL OF ATLANTA, INC",GA,90.0,92.0
110083,"PIEDMONT HOSPITAL, INC",GA,89.0,91.0
110087,NORTHSIDE HOSPITAL GWINNETT,GA,89.0,89.0
110089,"COFFEE REGIONAL MEDICAL CENTER, INC",GA,90.0,89.0
110091,PIEDMONT ROCKDALE HOSPITAL,GA,88.0,90.0
110092,DODGE COUNTY HOSPITAL,GA,93.0,92.0
110095,TIFT REGIONAL MEDICAL CENTER,GA,90.0,89.0
110100,JEFFERSON HOSPITAL,GA,94.0,97.0
110104,CRISP REGIONAL HOSPITAL,GA,88.0,90.0
110105,COLQUITT REGIONAL MEDICAL CENTER,GA,94.0,94.0
110107,ATRIUM HEALTH NAVICENT THE MEDICAL CENTER,GA,88.0,88.0
110109,EMANUEL MEDICAL CENTER,GA,93.0,91.0
110111,UNIVERSITY MCDUFFIE COUNTY REGIONAL MEDICAL CENTER,GA,92.0,94.0
110113,BURKE MEDICAL CENTER,GA,93.0,91.0
110122,SGMC HEALTH,GA,91.0,92.0
110124,WAYNE MEMORIAL HOSPITAL,GA,91.0,89.0
110125,FAIRVIEW PARK HOSPITAL,GA,93.0,92.0
110128,MEMORIAL HEALTH MEADOWS HOSPITAL,GA,94.0,93.0
110129,ST FRANCIS HOSPITAL- EMORY HEALTHCARE,GA,89.0,90.0
110132,MEMORIAL HOSPITAL AND MANOR,GA,90.0,94.0
110142,EVANS MEMORIAL HOSPITAL,GA,95.0,96.0
110143,WELLSTAR COBB MEDICAL CENTER,GA,89.0,89.0
110146,SOUTHEAST GEORGIA HEALTH SYSTEM -- CAMDEN CAMPUS,GA,93.0,89.0
110150,NAVICENT HEALTH BALDWIN,GA,89.0,90.0
110161,NORTHSIDE HOSPITAL,GA,90.0,90.0
110164,"COLISEUM MEDICAL CENTERS, LLC, DBA",GA,90.0,90.0
110165,SOUTHERN REGIONAL MEDICAL CENTER,GA,82.0,85.0
110168,ADVENTHEALTH REDMOND,GA,92.0,91.0
110177,DOCTORS HOSPITAL,GA,89.0,90.0
110184,WELLSTAR DOUGLAS MEDICAL CENTER,GA,89.0,91.0
110191,PIEDMONT HENRY HOSPITAL,GA,87.0,88.0
110192,PIEDMONT EASTSIDE MEDICAL CENTER,GA,87.0,88.0
110198,WELLSTAR NORTH FULTON MEDICAL CENTER,GA,87.0,89.0
110200,PIEDMONT COLUMBUS REGIONAL NORTHSIDE,GA,92.0,93.0
110201,PIEDMONT MACON NORTH HOSPITAL,GA,90.0,90.0
110215,PIEDMONT FAYETTE HOSPITAL,GA,91.0,91.0
110225,PIEDMONT MOUNTAINSIDE HOSPITAL INC,GA,92.0,91.0
110226,EMORY HILLANDALE HOSPITAL,GA,89.0,90.0
110229,"PIEDMONT NEWNAN HOSPITAL, INC",GA,90.0,90.0
110230,EMORY JOHNS CREEK HOSPITAL,GA,88.0,91.0
110233,"SOUTHEASTERN REGIONAL MEDICAL CENTER, INC",GA,95.0,96.0
110237,NORTHEAST GEORGIA MEDICAL CENTER LUMPKIN,GA,94.0,95.0
110252,NORTHSIDE HOSPITAL DULUTH,GA,88.0,89.0
11029F,DECATUR (ATLANTA) VA MEDICAL CENTER,GA,86.0,91.0
11030F,AUGUSTA VA MEDICAL CENTER,GA,91.0,93.0
11032F,Martin ACH (FT Benning),GA,94.0,93.0
11033F,Dwight Eisenhower AMC (FT Gordon),GA,95.0,95.0
11035F,Winn ACH (FT Stewart),GA,92.0,93.0
111310,ATRIUM HEALTH NAVICENT PEACH,GA,93.0,91.0
111320,HIGGINS GENERAL HOSPITAL,GA,98.0,94.0
111323,OPTIM MEDICAL CENTER - TATTNALL,GA,94.0,94.0
111327,BACON COUNTY HOSPITAL,GA,92.0,93.0
111329,ST MARYS GOOD SAMARITAN HOSPITAL,GA,95.0,97.0
120001,THE QUEENS MEDICAL CENTER,HI,92.0,92.0
120002,MAUI MEMORIAL MEDICAL CENTER,HI,90.0,89.0
120005,HILO BENIOFF MEDICAL CENTER,HI,91.0,91.0
120006,ADVENTIST HEALTH CASTLE,HI,93.0,92.0
120007,KUAKINI MEDICAL CENTER,HI,89.0,90.0
120011,KAISER FOUNDATION HOSPITAL,HI,91.0,94.0
120014,WILCOX MEMORIAL HOSPITAL,HI,91.0,91.0
120019,KONA COMMUNITY HOSPITAL,HI,90.0,90.0
12001F,Tripler AMC (FT Shafter),HI,94.0,94.0
120022,STRAUB CLINIC AND HOSPITAL,HI,93.0,94.0
120026,PALI MOMI MEDICAL CENTER,HI,93.0,93.0
120028,"NORTH HAWAII COMMUNITY HOSPITAL, INC",HI,90.0,89.0
121300,KAUAI VETERANS MEMORIAL HOSPITAL,HI,94.0,95.0
130002,ST LUKES MAGIC VALLEY MEDICAL CENTER,ID,91.0,91.0
130003,ST JOSEPH REGIONAL MEDICAL CENTER,ID,91.0,90.0
130006,ST LUKE'S REGIONAL MEDICAL CENTER,ID,93.0,92.0
130007,SAINT ALPHONSUS REGIONAL MEDICAL CENTER,ID,91.0,91.0
130013,SAINT ALPHONSUS MEDICAL CENTER - NAMPA,ID,91.0,91.0
130014,WEST VALLEY MEDICAL CENTER,ID,92.0,91.0
130018,EASTERN IDAHO REGIONAL MEDICAL CENTER,ID,90.0,89.0
130025,MADISON MEMORIAL HOSPITAL,ID,90.0,92.0
130028,PORTNEUF MEDICAL CENTER,ID,90.0,89.0
13003F,BOISE VA MEDICAL CENTER,ID,96.0,95.0
130049,KOOTENAI HEALTH,ID,91.0,91.0
130063,TREASURE VALLEY HOSPITAL,ID,95.0,93.0
130065,MOUNTAIN VIEW HOSPITAL,ID,92.0,93.0
130066,NORTHWEST SPECIALTY HOSPITAL,ID,93.0,94.0
130071,ST LUKE'S NAMPA MEDICAL CENTER,ID,92.0,92.0
130074,"IDAHO FALLS COMMUNITY HOSPITAL, LLC",ID,92.0,92.0
131311,ST LUKE'S ELMORE MEDICAL CENTER,ID,95.0,95.0
131312,ST LUKE'S MCCALL,ID,95.0,94.0
131323,ST LUKE'S WOOD RIVER MEDICAL CENTER,ID,94.0,94.0
131325,BINGHAM MEMORIAL HOSPITAL,ID,90.0,91.0
131326,CASSIA REGIONAL HOSPITAL,ID,92.0,91.0
131327,GRITMAN MEDICAL CENTER,ID,95.0,94.0
131328,BONNER GENERAL HOSPITAL,ID,96.0,93.0
140001,GRAHAM HOSPITAL ASSOCIATION,IL,91.0,92.0
140002,ALTON MEMORIAL HOSPITAL,IL,94.0,94.0
140007,SAINT JOSEPH MEDICAL CENTER,IL,87.0,86.0
140008,LOYOLA GOTTLIEB MEMORIAL HOSPITAL,IL,91.0,90.0
140010,NORTHSHORE UNIVERSITY HEALTHSYSTEM - EVANSTON HOSPITAL,IL,90.0,90.0
140011,HERRIN HOSPITAL,IL,89.0,88.0
140012,OSF SAINT KATHARINE MEDICAL CENTER,IL,90.0,87.0
140013,CARLE HEALTH PROCTOR HOSPITAL,IL,89.0,90.0
140015,BLESSING HOSPITAL,IL,92.0,89.0
140018,MT SINAI HOSPITAL MEDICAL CENTER,IL,85.0,88.0
140029,COPLEY MEMORIAL HOSPITAL,IL,91.0,90.0
140030,ADVOCATE SHERMAN HOSPITAL,IL,92.0,90.0
140032,ST ANTHONYS MEMORIAL HOSPITAL,IL,93.0,91.0
140034,SSM HEALTH ST MARY'S HOSPITAL -CENTRALIA,IL,92.0,89.0
14003F,JESSE BROWN VA MEDICAL CENTER - VA CHICAGO HEALTHCARE SYSTEM,IL,92.0,93.0
140043,CGH MEDICAL CENTER,IL,93.0,91.0
140046,GOOD SAMARITAN REGIONAL HLTH CENTER,IL,92.0,90.0
140048,ADVOCATE TRINITY HOSPITAL,IL,89.0,90.0
140049,WEST SUBURBAN MEDICAL CENTER,IL,86.0,87.0
140052,OSF SAINT ANTHONY'S HEALTH CENTER,IL,92.0,90.0
140053,ST JOHNS HOSPITAL,IL,88.0,89.0
140054,MACNEAL  HOSPITAL,IL,89.0,89.0
140059,JERSEY COMMUNITY HOSPITAL,IL,95.0,93.0
140062,PALOS COMMUNITY HOSPITAL,IL,92.0,90.0
140063,RUSH OAK PARK HOSPITAL,IL,90.0,90.0
140064,ST MARY MEDICAL CENTER,IL,90.0,89.0
140065,UCHICAGO MEDICINE ADVENTHEALTH LA GRANGE,IL,93.0,92.0
140067,SAINT FRANCIS MEDICAL CENTER,IL,90.0,89.0
140068,ROSELAND COMMUNITY HOSPITAL,IL,81.0,85.0
14007F,HINES VA MEDICAL CENTER,IL,92.0,92.0
140080,SAINT FRANCIS HOSPITAL-EVANSTON,IL,87.0,87.0
140082,LOUIS A WEISS MEMORIAL HOSPITAL,IL,81.0,85.0
140084,VISTA MEDICAL CENTER EAST,IL,83.0,87.0
140088,THE UNIVERSITY OF CHICAGO MEDICAL CENTER,IL,91.0,92.0
140089,MC DONOUGH DISTRICT HOSPITAL,IL,91.0,93.0
14008F,MARION IL VA MEDICAL CENTER,IL,94.0,92.0
140091,CARLE FOUNDATION HOSPITAL,IL,91.0,89.0
140093,OSF SACRED HEART MEDICAL CENTER,IL,90.0,87.0
140095,SAINT ANTHONY HOSPITAL,IL,89.0,89.0
140100,"MIDWESTERN REGION MED CENTER, INC",IL,96.0,96.0
140101,MORRIS HOSPITAL & HEALTHCARE CENTERS,IL,94.0,91.0
140110,OSF SAINT ELIZABETH MDL CTR,IL,92.0,91.0
140113,OSF HEART OF MARY MEDICAL CENTER,IL,92.0,90.0
140114,SWEDISH HOSPITAL,IL,89.0,89.0
140116,NORTHWESTERN MEDICINE MCHENRY,IL,93.0,91.0
140117,AMITA HEALTH RESURRECTION MEDICAL CENTER,IL,88.0,88.0
140119,RUSH UNIVERSITY MEDICAL CENTER,IL,92.0,91.0
140120,CARLE HEALTH PEKIN HOSPITAL,IL,90.0,89.0
140122,UCHICAGO MEDICINE ADVENTHEALTH HINSDALE,IL,92.0,91.0
140124,JOHN H STROGER JR HOSPITAL,IL,86.0,91.0
140125,GATEWAY REGIONAL MEDICAL CENTER,IL,84.0,84.0
140127,CARLE BROMENN MEDICAL CENTER,IL,93.0,92.0
140130,NORTHWESTERN LAKE FOREST HOSPITAL,IL,91.0,92.0
140133,HOLY CROSS HOSPITAL,IL,83.0,84.0
140135,DECATUR MEMORIAL HOSPITAL,IL,90.0,89.0
140145,ST JOSEPHS HOSPITAL,IL,93.0,93.0
140148,MEMORIAL MEDICAL CENTER,IL,89.0,89.0
140150,UNIVERSITY OF ILLINOIS HOSPITAL AND CLINICS,IL,90.0,90.0
140155,PRESENCE ST MARYS HOSPITAL,IL,88.0,88.0
140158,INSIGHT HOSPITAL AND MEDICAL CENTER CHICAGO,IL,84.0,87.0
140160,FHN MEMORIAL HOSPITAL,IL,94.0,92.0
140161,SAINT JAMES HOSPITAL,IL,92.0,91.0
140162,ST JOSEPH MEDICAL CENTER,IL,90.0,89.0
140164,MEMORIAL HOSPITAL OF CARBONDALE,IL,90.0,89.0
140166,ST MARYS HOSPITAL,IL,89.0,90.0
140172,FRANCISCAN HEALTH OLYMPIA & CHICAGO HEIGHTS,IL,88.0,88.0
140174,PRESENCE MERCY MEDICAL CENTER,IL,89.0,85.0
140179,OSF LITTLE COMPANY OF MARY MEDICAL CENTER,IL,91.0,90.0
140180,PRESENCE SAINTS MARY AND ELIZABETH MEDICAL CENTER,IL,89.0,90.0
140182,ADVOCATE ILLINOIS MASONIC MEDICAL CENTER,IL,91.0,90.0
140184,HEARTLAND REGIONAL MEDICAL CENTER,IL,91.0,92.0
140185,MEMORIAL HOSPITAL,IL,93.0,92.0
140186,RIVERSIDE MEDICAL CENTER,IL,90.0,91.0
140187,HSHS ST ELIZABETH'S HOSPITAL,IL,93.0,92.0
140189,SARAH BUSH LINCOLN HEALTH CENTER,IL,92.0,91.0
140191,INGALLS MEMORIAL HOSPITAL,IL,87.0,88.0
140200,ELMHURST MEMORIAL HOSPITAL,IL,92.0,90.0
140202,ADVOCATE CONDELL MEDICAL CENTER,IL,91.0,90.0
140206,HUMBOLDT PARK HEALTH,IL,82.0,83.0
140208,ADVOCATE CHRIST HOSPITAL & MEDICAL CENTER,IL,91.0,89.0
140209,CARLE HEALTH METHODIST HOSPITAL,IL,90.0,88.0
140211,NORTHWESTERN MEDICINE DELNOR COMMUNITY HOSPITAL,IL,92.0,93.0
140213,SILVER CROSS HOSPITAL  AND MEDICAL CENTERS,IL,92.0,89.0
140217,SAINT JOSEPH HOSPITAL-ELGIN,IL,90.0,87.0
140223,ADVOCATE LUTHERAN GENERAL HOSPITAL,IL,92.0,90.0
140224,PRESENCE SAINT JOSEPH HOSPITAL - CHICAGO,IL,91.0,92.0
140228,UW HEALTH,IL,90.0,89.0
140231,EDWARD HOSPITAL,IL,92.0,91.0
140233,SAINT ANTHONY MEDICAL CENTER,IL,91.0,90.0
140239,JAVON BEA HOSPITAL,IL,90.0,90.0
140242,NORTHWESTERN MEDICINE CENTRAL DUPAGE HOSPITAL,IL,92.0,91.0
140252,NORTHWEST COMMUNITY HOSPITAL 1,IL,90.0,90.0
140258,ALEXIAN BROTHERS MEDICAL CENTER 1,IL,88.0,86.0
140275,GENESIS HLTH SYSTEM DBA GENESIS MDL CTR-ILLINI,IL,89.0,88.0
140276,LOYOLA UNIVERSITY MEDICAL CENTER,IL,90.0,89.0
140280,TRINITY ROCK ISLAND,IL,89.0,88.0
140281,NORTHWESTERN MEMORIAL HOSPITAL,IL,93.0,92.0
140286,NORTHWESTERN MEDICINE KISHWAUKEE HOSPITAL,IL,92.0,90.0
140288,ADVOCATE GOOD SAMARITAN HOSPITAL,IL,92.0,91.0
140289,ANDERSON HOSPITAL,IL,92.0,89.0
140290,ST ALEXIUS MEDICAL CENTER,IL,87.0,84.0
140291,ADVOCATE GOOD SHEPHERD HOSPITAL,IL,93.0,91.0
140292,UCHICAGO MEDICINE ADVENTHEALTH GLENOAKS,IL,89.0,86.0
140294,DEACONESS ILLINOIS CROSSROADS,IL,95.0,93.0
140304,UCHICAGO MEDICINE ADVENTHEALTH BOLINGBROOK,IL,90.0,90.0
14034F,NORTH CHICAGO VA MEDICAL CENTER,IL,91.0,89.0
141302,MIDWEST MEDICAL CENTER,IL,97.0,98.0
141305,MEMORIAL HOSPITAL,IL,97.0,95.0
141316,CARLE HOOPESTON REGIONAL HEALTH CENTER,IL,95.0,95.0
141317,GIBSON COMMUNITY HOSPITAL,IL,91.0,94.0
141318,OSF HOLY FAMILY MEDICAL CENTER,IL,95.0,95.0
141319,HAMMOND HENRY HOSPITAL,IL,96.0,96.0
141322,ABRAHAM LINCOLN MEMORIAL HOSPITAL,IL,93.0,90.0
141327,WABASH GENERAL HOSPITAL 1,IL,95.0,93.0
141336,ST JOSEPH'S HOSPITAL,IL,94.0,92.0
141337,OSF SAINT CLARE MEDICAL CENTER,IL,91.0,90.0
141339,TAYLORVILLE MEMORIAL HOSPITAL,IL,95.0,89.0
141340,VALLEY WEST COMMUNITY HOSPITAL,IL,95.0,94.0
141343,CRAWFORD MEMORIAL HOSPITAL,IL,95.0,94.0
141348,RED BUD REGIONAL HOSPITAL,IL,93.0,92.0
141355,CARLE RICHLAND MEMORIAL HOSPITAL,IL,90.0,94.0
150001,JOHNSON MEMORIAL HOSPITAL,IN,90.0,91.0
150002,METHODIST HOSPITALS INC,IN,86.0,88.0
150005,HENDRICKS REGIONAL HEALTH,IN,94.0,93.0
150006,NORTHWEST HEALTH-LA PORTE,IN,92.0,89.0
150007,COMMUNITY HOWARD REGIONAL HEALTH INC.,IN,92.0,91.0
150008,ST CATHERINE HOSPITAL INC,IN,91.0,90.0
150009,NORTON CLARK HOSPITAL,IN,87.0,86.0
150010,ASCENSION ST VINCENT KOKOMO,IN,91.0,90.0
150011,MARION GENERAL HOSPITAL,IN,91.0,89.0
150012,SAINT JOSEPH REGIONAL MEDICAL CENTER,IN,89.0,88.0
150015,FRANCISCAN HEALTH MICHIGAN CITY,IN,92.0,89.0
150017,LUTHERAN HOSPITAL OF INDIANA,IN,90.0,90.0
150018,ELKHART GENERAL HOSPITAL,IN,90.0,88.0
150021,PARKVIEW REGIONAL MEDICAL CENTER,IN,92.0,90.0
150022,FRANCISCAN HEALTH CRAWFORDSVILLE,IN,95.0,93.0
150023,UNION HOSPITAL INC,IN,90.0,88.0
150024,ESKENAZI HEALTH,IN,90.0,91.0
150026,GOSHEN HOSPITAL,IN,92.0,93.0
150030,HENRY COUNTY MEMORIAL HOSPITAL,IN,93.0,94.0
150034,ST MARY MEDICAL CENTER INC,IN,92.0,90.0
150035,NORTHWEST HEALTH - PORTER,IN,90.0,87.0
150037,HANCOCK REGIONAL HOSPITAL,IN,93.0,92.0
15003F,INDIANAPOLIS VA MEDICAL CENTER,IN,89.0,90.0
150042,GOOD SAMARITAN HOSPITAL,IN,91.0,90.0
150044,BAPTIST HEALTH FLOYD,IN,91.0,90.0
150045,PARKVIEW DEKALB HOSPITAL,IN,92.0,89.0
150046,TERRE HAUTE REGIONAL HOSPITAL,IN,91.0,89.0
150047,"ST JOSEPH HEALTH SYSTEM, LLC",IN,90.0,91.0
150048,REID HEALTH,IN,90.0,89.0
15004F,VA N. INDIANA HEALTHCARE SYSTEM,IN,94.0,94.0
150051,INDIANA UNIVERSITY HEALTH BLOOMINGTON HOSPITAL,IN,88.0,88.0
150056,INDIANA UNIVERSITY HEALTH,IN,88.0,91.0
150057,FRANCISCAN HEALTH MOORESVILLE,IN,93.0,95.0
150058,MEMORIAL HOSPITAL OF SOUTH BEND,IN,91.0,91.0
150059,RIVERVIEW HEALTH,IN,92.0,92.0
150061,DAVIESS COMMUNITY HOSPITAL,IN,92.0,90.0
150065,SCHNECK MEDICAL CENTER,IN,91.0,91.0
150069,NORTON-KING'S DAUGHTERS' HEALTH,IN,93.0,92.0
150072,MEMORIAL HOSPITAL,IN,92.0,91.0
150074,COMMUNITY HOSPITAL EAST,IN,94.0,93.0
150075,BLUFFTON REGIONAL MEDICAL CENTER,IN,96.0,94.0
150076,SAINT JOSEPH REGIONAL MEDICAL CENTER - PLYMOUTH,IN,94.0,92.0
150082,DEACONESS HOSPITAL INC,IN,91.0,90.0
150084,ASCENSION ST VINCENT HOSPITAL,IN,85.0,88.0
150086,ST ELIZABETH DEARBORN HOSPITAL,IN,93.0,92.0
150088,ASCENSION ST VINCENT ANDERSON,IN,90.0,90.0
150089,INDIANA UNIVERSITY HEALTH BALL MEMORIAL HOSPITAL,IN,89.0,89.0
150090,FRANCISCAN HEALTH DYER,IN,89.0,88.0
150091,PARKVIEW HUNTINGTON HOSPITAL,IN,91.0,90.0
150097,MAJOR HOSPITAL,IN,91.0,93.0
150100,ASCENSION ST VINCENT EVANSVILLE,IN,92.0,91.0
150101,PARKVIEW WHITLEY HOSPITAL,IN,94.0,90.0
150104,WITHAM HEALTH SERVICES,IN,90.0,91.0
150109,FRANCISCAN HEALTH LAFAYETTE,IN,92.0,90.0
150112,COLUMBUS REGIONAL HOSPITAL,IN,91.0,91.0
150113,COMMUNITY HOSPITAL OF ANDERSON AND MADISON COUNTY,IN,92.0,91.0
150115,MEMORIAL HOSPITAL AND HEALTH CARE CENTER,IN,94.0,93.0
150125,COMMUNITY HOSPITAL,IN,92.0,90.0
150126,FRANCISCAN HEALTH CROWN POINT,IN,92.0,91.0
150128,"COMMUNITY HOSPITAL SOUTH, INC.",IN,91.0,90.0
150133,KOSCIUSKO COMMUNITY HOSPITAL,IN,91.0,92.0
150146,PARKVIEW NOBLE HOSPITAL,IN,91.0,88.0
150149,THE WOMEN'S HOSPITAL,IN,92.0,92.0
150150,DUPONT HOSPITAL LLC,IN,90.0,90.0
150153,ST VINCENT HEART CENTER,IN,94.0,94.0
150157,ASCENSION ST VINCENT CARMEL,IN,89.0,92.0
150158,IU HEALTH WEST HOSPITAL,IN,89.0,92.0
150160,ORTHOINDY HOSPITAL,IN,95.0,95.0
150161,INDIANA UNIVERSITY HEALTH NORTH HOSPITAL,IN,90.0,91.0
150162,FRANCISCAN HEALTH INDIANAPOLIS,IN,90.0,90.0
150165,FRANCISCAN HEALTH MUNSTER,IN,92.0,91.0
150167,ORTHOPAEDIC HOSPITAL AT PARKVIEW NORTH,IN,92.0,90.0
150168,THE ORTHOPAEDIC HOSPITAL OF LUTHERAN HEALTH NETWOR,IN,92.0,92.0
150169,COMMUNITY HOSPITAL NORTH,IN,89.0,90.0
150173,INDIANA UNIVERSITY HEALTH ARNETT HOSPITAL,IN,89.0,90.0
150177,UNITY PHYSICIANS HOSPITAL,IN,96.0,95.0
150183,MONROE HOSPITAL,IN,92.0,92.0
150193,FRANCISCAN HEALTH ORTHOPEDIC HOSPITAL CARMEL,IN,96.0,97.0
151300,COMMUNITY HOSPITAL OF BREMEN INC,IN,96.0,95.0
151310,"PARKVIEW WABASH HOSPITAL, INC",IN,94.0,88.0
151315,CAMERON MEMORIAL COMMUNITY HOSPITAL INC,IN,93.0,92.0
151317,GREENE COUNTY GENERAL HOSPITAL,IN,95.0,95.0
151319,GIBSON GENERAL HOSPITAL,IN,94.0,90.0
151322,PERRY COUNTY MEMORIAL HOSPITAL,IN,93.0,92.0
151329,MARGARET MARY COMMUNITY HOSPITAL INC,IN,93.0,92.0
151330,ADAMS MEMORIAL HOSPITAL,IN,93.0,91.0
151331,HARRISON COUNTY HOSPITAL,IN,93.0,92.0
160001,UNITYPOINT HEALTH - MARSHALLTOWN,IA,91.0,90.0
160013,TRINITY MUSCATINE,IA,91.0,82.0
160016,TRINITY REGIONAL MEDICAL CENTER,IA,92.0,89.0
160028,CHI HEALTH MERCY COUNCIL BLUFFS,IA,90.0,89.0
160029,UNIVERSITY OF IOWA HEALTH CARE MEDICAL CENTER DOWN,IA,90.0,89.0
160030,MARY GREELEY MEDICAL CENTER,IA,93.0,91.0
160033,GENESIS MEDICAL CENTER-DAVENPORT,IA,89.0,89.0
16003F,VA CENTRAL IOWA HEALTHCARE SYSTEM,IA,94.0,93.0
160045,ST LUKES HOSPITAL,IA,93.0,92.0
160047,METHODIST JENNIE EDMUNDSON,IA,93.0,91.0
16004F,IOWA CITY VA MEDICAL CENTER,IA,94.0,93.0
160057,SOUTHEAST IOWA REGIONAL MEDICAL CENTER,IA,89.0,87.0
160058,UNIVERSITY OF IOWA HOSPITAL & CLINICS,IA,90.0,90.0
160064,MERCYONE NORTH IOWA MEDICAL CENTER,IA,90.0,89.0
160067,MERCYONE WATERLOO MEDICAL CENTER,IA,89.0,90.0
160069,MERCYONE DUBUQUE MEDICAL CENTER,IA,93.0,93.0
160079,MERCY MEDICAL CENTER - CEDAR RAPIDS,IA,93.0,91.0
160080,MERCYONE CLINTON MEDICAL CENTER,IA,93.0,92.0
160082,UNITYPOINT HEALTH - DES MOINES IOWA METHODIST MEDI,IA,91.0,91.0
160083,MERCYONE DES MOINES MEDICAL CENTER,IA,87.0,87.0
160089,OTTUMWA REGIONAL HEALTH CENTER,IA,87.0,85.0
160101,BROADLAWNS MEDICAL CENTER,IA,90.0,92.0
160104,TRINITY - BETTENDORF,IA,91.0,89.0
160110,ALLEN HOSPITAL,IA,88.0,88.0
160112,SPENCER MUNICIPAL HOSPITAL,IA,93.0,92.0
160117,FINLEY HOSPITAL,IA,93.0,91.0
160124,LAKES REGIONAL HEALTHCARE,IA,94.0,95.0
160146,ST LUKES REGIONAL MEDICAL CENTER,IA,89.0,89.0
160147,GRINNELL REGIONAL MEDICAL CENTER,IA,92.0,92.0
160153,MERCYONE SIOUXLAND MEDICAL CENTER,IA,88.0,87.0
161302,IOWA SPECIALTY HOSPITAL - CLARION,IA,94.0,93.0
161317,COMPASS MEMORIAL HEALTHCARE,IA,95.0,97.0
161339,WAVERLY HEALTH CENTER,IA,93.0,93.0
161343,REGIONAL MEDICAL CENTER,IA,93.0,93.0
161346,SIOUX CENTER HEALTH,IA,95.0,94.0
161353,KOSSUTH REGIONAL HEALTH CENTER,IA,95.0,96.0
161360,ORANGE CITY AREA HEALTH SYSTEM,IA,95.0,96.0
161364,JEFFERSON COUNTY HEALTH CENTER,IA,95.0,90.0
161365,GREATER REGIONAL MEDICAL CENTER,IA,93.0,93.0
161367,PELLA REGIONAL HEALTH CENTER,IA,92.0,92.0
161368,FLOYD VALLEY HEALTHCARE,IA,91.0,95.0
161371,WINNMED,IA,95.0,95.0
161374,MYRTUE MEDICAL CENTER,IA,95.0,95.0
161375,BUENA VISTA REGIONAL MEDICAL CENTER,IA,92.0,95.0
161376,CASS COUNTY MEMORIAL HOSPITAL,IA,94.0,91.0
161379,MAHASKA  HEALTH PARTNERSHIP,IA,92.0,94.0
161382,ST ANTHONY REGIONAL HOSPITAL & NURSING HOME,IA,94.0,95.0
170006,"MERCY HOSPITAL PITTSBURG, INC",KS,92.0,93.0
170009,SAINT JOHN HOSPITAL,KS,92.0,91.0
170012,SALINA REGIONAL HEALTH CENTER,KS,91.0,92.0
170013,HAYS MEDICAL CENTER,KS,91.0,90.0
170014,ADVENTHEALTH OTTAWA,KS,92.0,93.0
170016,UNIVERSITY OF KANSAS HEALTH SYSTEM - ST FRANCIS CAMPUS,KS,88.0,89.0
170017,SUSAN B ALLEN MEMORIAL HOSPITAL,KS,92.0,92.0
170020,HUTCHINSON REGIONAL MEDICAL CENTER INC,KS,92.0,89.0
170023,ST. CATHERINE HOSPITAL - GARDEN CITY,KS,89.0,88.0
170027,PRATT REGIONAL MEDICAL CENTER,KS,94.0,95.0
17002F,Irwin ACH (FT Riley),KS,94.0,93.0
170040,UNIVERSITY OF KANSAS HOSPITAL,KS,93.0,92.0
170049,UNIVERSITY OF KANSAS HEALTH SYSTEM OLATHE HOSPITAL,KS,91.0,90.0
17005F,VA EASTERN KANSAS HEALTHCARE SYSTEM,KS,94.0,91.0
170068,SOUTHWEST MEDICAL CENTER,KS,90.0,89.0
170074,"STORMONT VAIL HEALTH FLINT HILLS, LLC",KS,93.0,95.0
170086,STORMONT VAIL HOSPITAL,KS,91.0,91.0
17008F,WICHITA VA MEDICAL CENTER,KS,94.0,92.0
170103,NMC HEALTH,KS,92.0,94.0
170104,ADVENTHEALTH SHAWNEE MISSION,KS,91.0,91.0
170105,MCPHERSON HOSPITAL,KS,92.0,92.0
170120,LABETTE HEALTH,KS,93.0,91.0
170122,"ASCENSION VIA CHRISTI HOSPITALS WICHITA, INC.",KS,88.0,87.0
170123,WESLEY MEDICAL CENTER,KS,89.0,88.0
170137,LMH,KS,90.0,91.0
170142,"ASCENSION VIA CHRISTI HOSPITAL MANHATTAN, INC",KS,91.0,92.0
170146,PROVIDENCE MEDICAL CENTER,KS,87.0,87.0
170176,OVERLAND PARK REG MED CTR,KS,90.0,89.0
170182,MENORAH MEDICAL CENTER,KS,90.0,90.0
170183,KANSAS SURGERY & RECOVERY CENTER,KS,93.0,93.0
170185,SAINT LUKE'S SOUTH HOSPITAL,KS,93.0,91.0
170186,KANSAS HEART HOSPITAL,KS,95.0,95.0
170187,SALINA SURGICAL HOSPITAL,KS,96.0,95.0
170188,KANSAS CITY ORTHOPAEDIC INSTITUTE,KS,96.0,94.0
170190,MANHATTAN SURGICAL HOSPITAL LLC,KS,96.0,94.0
170191,UNIVERSITY  OF KS HLTH SYSTEM GREAT BEND CAMPUS,KS,91.0,88.0
170194,ASCENTIST HOSPITAL LLC,KS,94.0,95.0
170196,"KANSAS SPINE & SPECIALTY HOSPITAL, LLC",KS,94.0,92.0
170197,KANSAS MEDICAL CENTER LLC,KS,89.0,90.0
170198,"SUMMIT SURGICAL, LLC",KS,95.0,92.0
170200,"VIA CHRISTI HOSPITAL WICHITA ST TERESA, INC",KS,92.0,91.0
170204,"ROCK REGIONAL HOSPITAL, LLC",KS,94.0,97.0
170208,"ADVENTHEALTH SOUTH OVERLAND PARK, INC",KS,92.0,91.0
171341,HIAWATHA COMMUNITY HOSPITAL,KS,94.0,93.0
171361,REPUBLIC COUNTY HOSPITAL,KS,96.0,97.0
171362,CITIZENS MEDICAL CENTER,KS,93.0,95.0
171363,"COMMUNITY MEMORIAL HEALTHCARE, INC.",KS,93.0,96.0
171371,CLAY COUNTY MEDICAL CENTER,KS,96.0,96.0
171375,MITCHELL COUNTY HOSPITAL HEALTH SYSTEMS,KS,96.0,97.0
171377,SMITH COUNTY MEMORIAL HOSPITAL,KS,95.0,97.0
171380,NEOSHO MEMORIAL REGIONAL MEDICAL CENTER,KS,94.0,94.0
171382,AMBERWELL ATCHISON ASSOCIATION,KS,94.0,94.0
171383,WILLIAM NEWTON HOSPITAL,KS,92.0,91.0
171384,NEWMAN REGIONAL HEALTH,KS,91.0,90.0
180001,ST ELIZABETH FT THOMAS,KY,93.0,92.0
180002,WHITESBURG ARH HOSPITAL,KY,93.0,92.0
180004,OWENSBORO HEALTH MUHLENBERG COMMUNITY HOSPITAL,KY,94.0,95.0
180005,HIGHLANDS ARH REGIONAL MEDICAL CENTER,KY,91.0,92.0
180009,KING'S DAUGHTERS' MEDICAL CENTER,KY,92.0,91.0
180010,SAINT JOSEPH HOSPITAL,KY,89.0,90.0
180011,SAINT JOSEPH LONDON,KY,93.0,93.0
180012,BAPTIST HEALTH HARDIN,KY,92.0,92.0
180013,THE MEDICAL CENTER (BOWLING GREEN),KY,90.0,88.0
180016,UOFL HEALTH - SHELBYVILLE HOSPITAL,KY,91.0,90.0
180017,T J SAMSON COMMUNITY HOSPITAL,KY,93.0,91.0
180018,ST CLAIRE REGIONAL MEDICAL CENTER,KY,94.0,92.0
180019,MEADOWVIEW REGIONAL MEDICAL CENTER,KY,92.0,92.0
180020,MIDDLESBORO ARH HOSPITAL,KY,93.0,89.0
180024,SPRING VIEW HOSPITAL,KY,94.0,95.0
180025,CHI SAINT JOSEPH FLAGET MEMORIAL HOSPITAL,KY,93.0,93.0
180027,MURRAY-CALLOWAY COUNTY HOSPITAL,KY,94.0,93.0
180029,HAZARD ARH REGIONAL MEDICAL CENTER,KY,91.0,91.0
180035,ST ELIZABETH EDGEWOOD,KY,92.0,91.0
180038,OWENSBORO HEALTH REGIONAL HOSPITAL,KY,91.0,89.0
18003F,Blanchfield ACH (FT Campbell),KY,93.0,93.0
180040,UOFL HEALTH - JEWISH HOSPITAL and Mary & Elizabeth Hospital,KY,89.0,88.0
180043,AdventHealthManchester,KY,94.0,94.0
180044,PIKEVILLE MEDICAL CENTER,KY,89.0,89.0
180045,ST ELIZABETH FLORENCE,KY,91.0,91.0
180048,EPHRAIM MCDOWELL REGIONAL MEDICAL CENTER,KY,92.0,91.0
180049,BAPTIST HEALTH RICHMOND,KY,94.0,94.0
180050,HARLAN ARH HOSPITAL,KY,91.0,90.0
180051,JENNIE STUART MEDICAL CENTER,KY,91.0,91.0
180056,DEACONESS HENDERSON HOSPITAL,KY,91.0,89.0
180064,SAINT JOSEPH MOUNT STERLING,KY,95.0,92.0
180066,The Medical Center at Russellville,KY,95.0,94.0
180067,UNIVERSITY OF KENTUCKY HOSPITAL,KY,92.0,92.0
180069,TUG VALLEY ARH REGIONAL MEDICAL CENTER,KY,90.0,91.0
18006F,LOUISVILLE VA MEDICAL CENTER,KY,91.0,90.0
180070,OWENSBORO HEALTH TWIN LAKES MEDICAL CENTER,KY,91.0,92.0
180078,PAINTSVILLE ARH HOSPITAL,KY,91.0,93.0
180079,HARRISON MEMORIAL HOSPITAL,KY,96.0,95.0
18007F,LEXINGTON VA MEDICAL CENTER,KY,94.0,92.0
180080,BAPTIST HEALTH CORBIN,KY,93.0,94.0
180087,TAYLOR REGIONAL HOSPITAL,KY,91.0,92.0
180088,"NORTON HOSPITALS, INC",KY,90.0,90.0
180092,CLARK REGIONAL MEDICAL CENTER,KY,92.0,91.0
180093,BAPTIST HEALTH DEACONESS MADISONVILLE,KY,92.0,90.0
180101,GEORGETOWN COMMUNITY HOSPITAL,KY,92.0,89.0
180102,MERCY HEALTH - LOURDES HOSPITAL,KY,90.0,90.0
180103,BAPTIST HEALTH LEXINGTON,KY,93.0,93.0
180104,BAPTIST HEALTH PADUCAH,KY,93.0,92.0
180105,MONROE COUNTY MEDICAL CENTER,KY,92.0,98.0
180116,JACKSON PURCHASE MEDICAL CENTER,KY,92.0,91.0
180124,TRISTAR GREENVIEW REGIONAL HOSPITAL,KY,92.0,90.0
180127,FRANKFORT REGIONAL MEDICAL CENTER,KY,88.0,88.0
180128,THREE RIVERS MEDICAL CENTER,KY,95.0,94.0
180130,BAPTIST HEALTH LOUISVILLE,KY,91.0,90.0
180132,LAKE CUMBERLAND REGIONAL HOSPITAL,KY,90.0,90.0
180138,BAPTIST HEALTH LAGRANGE,KY,93.0,93.0
180141,UNIVERSITY OF LOUISVILLE HOSPITAL,KY,88.0,88.0
180143,SAINT JOSEPH EAST,KY,89.0,89.0
181315,EPHRAIM MCDOWELL FORT LOGAN HOSPITAL,KY,95.0,92.0
181329,CHI SAINT JOSEPH BEREA NF,KY,98.0,99.0
190002,OCHSNER LAFAYETTE GENERAL MEDICAL CENTER,LA,92.0,92.0
190004,THIBODAUX REGIONAL MEDICAL CENTER,LA,93.0,94.0
190005,UNIVERSITY MEDICAL CENTER NEW ORLEANS,LA,90.0,93.0
190006,OCHSNER UNIVERSITY HOSPITAL AND CLINICS,LA,94.0,94.0
190007,NATCHITOCHES REGIONAL MEDICAL CENTER,LA,95.0,94.0
190008,TERREBONNE GENERAL MEDICAL CENTER - PARISH,LA,94.0,93.0
190011,OCHSNER LSU HEALTH MONROE,LA,93.0,94.0
190013,WEST CALCASIEU CAMERON HOSPITAL,LA,93.0,94.0
190014,OCHSNER ST MARY,LA,91.0,93.0
190015,NORTH OAKS MEDICAL CENTER,LA,91.0,91.0
190017,OPELOUSAS GENERAL HEALTH SYSTEM,LA,93.0,93.0
190019,CHRISTUS ST FRANCES CABRINI HOSPITAL,LA,91.0,92.0
190020,LANE REGIONAL MEDICAL CENTER,LA,93.0,91.0
190026,RAPIDES REGIONAL MEDICAL CENTER,LA,89.0,88.0
190027,CHRISTUS OCHSNER ST PATRICK HOSPITAL,LA,90.0,92.0
190034,ABBEVILLE GENERAL HOSPITAL,LA,94.0,96.0
190036,OCHSNER MEDICAL CENTER ACUTE,LA,91.0,92.0
190039,WEST JEFFERSON MEDICAL CENTER,LA,91.0,92.0
190040,SLIDELL MEMORIAL HOSPITAL,LA,90.0,89.0
190041,CHRISTUS SHREVEPORT-BOSSIER HEALTH SYSTEM,LA,89.0,90.0
190044,ACADIA GENERAL HOSPITAL,LA,91.0,94.0
190045,ST TAMMANY PARISH HOSPITAL,LA,94.0,93.0
190046,TOURO INFIRMARY,LA,92.0,92.0
190050,BEAUREGARD MEMORIAL HOSPITAL,LA,92.0,93.0
190053,OCHSNER AMERICAN LEGION HOSPITAL,LA,95.0,93.0
190054,IBERIA MEDICAL CENTER,LA,92.0,93.0
190060,LAKE CHARLES MEMORIAL HOSPITAL,LA,90.0,93.0
190064,OUR LADY OF THE LAKE REGIONAL MEDICAL CENTER,LA,91.0,93.0
190065,BATON ROUGE GENERAL MEDICAL CENTER,LA,91.0,92.0
190079,ST CHARLES PARISH HOSPITAL,LA,95.0,95.0
190086,NORTHERN LOUISIANA MEDICAL CENTER,LA,88.0,91.0
190098,OCHSNER LSU HEALTH SHREVEPORT,LA,90.0,91.0
190102,"OUR LADY OF LOURDES REGIONAL MEDICAL CENTER, INC",LA,93.0,93.0
190111,WILLIS KNIGHTON MEDICAL CENTER,LA,91.0,90.0
190114,CLAIBORNE MEMORIAL MEDICAL CENTER,LA,95.0,96.0
190125,ST FRANCIS MEDICAL CENTER,LA,93.0,93.0
190128,WOMANS HOSPITAL,LA,92.0,93.0
190144,MINDEN MEDICAL CENTER,LA,91.0,91.0
190160,GLENWOOD REGIONAL MEDICAL CENTER,LA,94.0,94.0
190164,BYRD REGIONAL HOSPITAL,LA,92.0,92.0
190167,MERCY REGIONAL MEDICAL CENTER,LA,93.0,98.0
190176,EAST JEFFERSON GENERAL HOSPITAL,LA,92.0,91.0
190183,LEONARD J CHABERT MEDICAL CENTER,LA,93.0,95.0
190184,CITIZENS MEDICAL CENTER,LA,99.0,99.0
190201,CHRISTUS OCHSNER LAKE AREA HOSPITAL,LA,91.0,92.0
190202,OCHSNER MEDICAL CENTER - BATON ROUGE,LA,91.0,91.0
190259,LAFAYETTE SURGICAL SPECIALTY HOSPITAL,LA,95.0,94.0
190266,THE SPINE HOSPITAL OF LOUISIANA,LA,96.0,94.0
190267,AVALA,LA,97.0,95.0
190274,OCHSNER MEDICAL CENTER-KENNER,LA,90.0,92.0
190278,SPECIALISTS HOSPITAL SHREVEPORT,LA,92.0,93.0
190298,CHRISTUS CENTRAL LOUISIANA SURGICAL HOSPITAL,LA,97.0,92.0
190303,CYPRESS POINTE SURGICAL HOSPITAL,LA,95.0,92.0
190308,ST BERNARD PARISH HOSPITAL,LA,92.0,91.0
190312,OUR LADY OF THE ANGELS HOSPITAL,LA,94.0,94.0
190313,NEW ORLEANS EAST HOSPITAL,LA,93.0,96.0
190317,OCHSNER LSU HEALTH SHREVEPORT-ST MARY MEDICAL CENT,LA,91.0,91.0
190318,ACADIAN MEDICAL CENTER,LA,89.0,91.0
19047F,SOUTHEAST LOUISIANA VETERANS HEALTH CARE SYSTEM,LA,90.0,94.0
19048F,OVERTON BROOKS VA MEDICAL CENTER (SHREVEPORT),LA,92.0,90.0
191302,OCHSNER ST MARTIN HOSPITAL,LA,96.0,96.0
191324,OCHSNER ST ANNE GENERAL HOSPITAL,LA,96.0,96.0
200001,ST JOSEPH HOSPITAL,ME,94.0,93.0
200008,NORTHERN LIGHT MERCY HOSPITAL,ME,94.0,93.0
200009,MAINEHEALTH MAINE MEDICAL CENTER,ME,92.0,91.0
200018,NORTHERN LIGHT  A R GOULD HOSPITAL,ME,93.0,92.0
200020,YORK HOSPITAL,ME,95.0,94.0
200021,MAINEHEALTH MID COAST HOSPITAL,ME,91.0,92.0
200024,CENTRAL MAINE MEDICAL CENTER,ME,91.0,91.0
200031,CARY MEDICAL CENTER,ME,93.0,93.0
200033,NORTHERN LIGHT EASTERN MAINE MEDICAL CENTER,ME,88.0,90.0
200034,ST MARY'S REGIONAL MEDICAL CENTER,ME,92.0,95.0
200039,MAINE GENERAL MEDICAL CENTER,ME,93.0,92.0
20003F,TOGUS VA MEDICAL CENTER,ME,97.0,96.0
200050,NORTHERN LIGHT MAINE COAST HOSPITAL,ME,91.0,90.0
200063,MAINEHEALTH PEN BAY HOSPITAL,ME,94.0,95.0
201302,LINCOLNHEALTH,ME,95.0,95.0
201304,MOUNT DESERT ISLAND HOSPITAL,ME,97.0,97.0
201308,HOULTON REGIONAL HOSPITAL,ME,95.0,95.0
201309,NORTHERN LIGHT MAYO HOSPITAL,ME,90.0,91.0
201310,BRIDGTON HOSPITAL,ME,90.0,91.0
201312,MAINEHEALTH WALDO HOSPITAL,ME,95.0,95.0
201313,NORTHERN LIGHT SEBASTICOOK VALLEY HOSPITAL,ME,90.0,85.0
201314,REDINGTON FAIRVIEW GENERAL HOSPITAL,ME,94.0,93.0
201315,MAINEHEALTH STEPHENS HOSPITAL,ME,94.0,95.0
201316,MAINEHEALTH FRANKLIN HOSPITAL,ME,93.0,90.0
201317,NORTHERN MAINE MEDICAL CENTER,ME,95.0,95.0
210001,MERITUS MEDICAL CENTER,MD,91.0,91.0
210002,UNIVERSITY OF MARYLAND MEDICAL CENTER,MD,90.0,91.0
210003,UNIVERSITY OF MD CAPITAL REGION MEDICAL CENTER,MD,84.0,88.0
210004,HOLY CROSS HOSPITAL,MD,88.0,89.0
210005,FREDERICK HEALTH HOSPITAL,MD,90.0,88.0
210008,MERCY MEDICAL CENTER INC,MD,91.0,90.0
210009,"JOHNS HOPKINS HOSPITAL, THE",MD,92.0,92.0
210011,SAINT AGNES HOSPITAL,MD,87.0,90.0
210012,SINAI HOSPITAL OF BALTIMORE,MD,88.0,89.0
210015,MEDSTAR FRANKLIN SQUARE MEDICAL CENTER,MD,88.0,90.0
210016,ADVENTIST HEALTHCARE WHITE OAK MEDICAL CENTER,MD,90.0,90.0
210017,GARRETT REGIONAL MEDICAL CENTER,MD,93.0,94.0
210018,MEDSTAR MONTGOMERY MEDICAL CENTER,MD,87.0,91.0
210019,"TIDALHEALTH PENINSULA REGIONAL, INC",MD,92.0,90.0
210022,SUBURBAN HOSPITAL,MD,90.0,92.0
210023,"LUMINIS HEALTH ANNE ARUNDEL MEDICAL CENTER, INC",MD,90.0,90.0
210024,MEDSTAR UNION MEMORIAL HOSPITAL,MD,89.0,91.0
210027,WESTERN MARYLAND REGIONAL MEDICAL CENTER,MD,91.0,90.0
210028,MEDSTAR SAINT MARY'S HOSPITAL,MD,92.0,91.0
210029,JOHNS HOPKINS BAYVIEW MEDICAL CENTER,MD,89.0,91.0
210032,UNION HOSPITAL OF CECIL COUNTY,MD,91.0,90.0
210033,CARROLL HOSPITAL CENTER,MD,90.0,89.0
210034,MEDSTAR HARBOR HOSPITAL,MD,89.0,91.0
210035,UNIVERSITY OF MD CHARLES REGIONAL  MEDICAL CENTER,MD,89.0,88.0
210037,UNIVERSITY OF MD SHORE MEDICAL CENTER AT EASTON,MD,89.0,89.0
210038,UNIVERSITY OF MD MEDICAL CENTER MIDTOWN CAMPUS,MD,88.0,89.0
210039,CALVERTHEALTH MEDICAL CENTER,MD,93.0,89.0
210040,NORTHWEST HOSPITAL CENTER,MD,88.0,88.0
210043,UNIVERSITY OF MD BALTIMORE WASHINGTON MEDICAL CENTER,MD,90.0,90.0
210044,GREATER BALTIMORE MEDICAL CENTER,MD,92.0,92.0
210048,JOHNS HOPKINS HOWARD COUNTY MEDICAL CENTER,MD,90.0,90.0
210049,UMD UPPER CHESAPEAKE MEDICAL CENTER,MD,88.0,87.0
210051,"LUMINIS HEALTH DOCTORS COMMUNITY MEDICAL CTR, INC",MD,86.0,88.0
210056,MEDSTAR GOOD SAMARITAN HOSPITAL,MD,86.0,89.0
210057,ADVENTIST HEALTHCARE SHADY GROVE MEDICAL CENTER,MD,90.0,89.0
210060,ADVENTIST HEALTHCARE FORT WASHINGTON MEDICAL CTR,MD,91.0,92.0
210061,ATLANTIC GENERAL HOSPITAL,MD,93.0,92.0
210062,MEDSTAR SOUTHERN MARYLAND HOSPITAL CENTER,MD,85.0,87.0
210063,UNIVERSITY OF MD ST JOSEPH MEDICAL CENTER,MD,92.0,92.0
210065,HOLY CROSS GERMANTOWN HOSPITAL,MD,89.0,89.0
21007F,Walter Reed National Military Med Cen,MD,93.0,94.0
21020F,VA MARYLAND HEALTHCARE SYSTEM - BALTIMORE,MD,89.0,90.0
220001,UMASS MEMORIAL HEALTHALLIANCE HOSPITALS,MA,90.0,89.0
220002,MOUNT AUBURN HOSPITAL,MA,92.0,92.0
220008,STURDY MEMORIAL HOSPITAL,MA,91.0,90.0
220010,LAWRENCE GENERAL HOSPITAL,MA,90.0,89.0
220011,CAMBRIDGE HEALTH ALLIANCE,MA,88.0,90.0
220012,CAPE COD HOSPITAL,MA,91.0,91.0
220015,"COOLEY DICKINSON HOSPITAL INC,THE",MA,92.0,91.0
220016,BAYSTATE FRANKLIN MEDICAL CENTER,MA,92.0,91.0
220019,UMASS MEMORIAL HEALTH - HARRINGTON HOSPITAL,MA,90.0,89.0
220020,SAINT ANNE'S HOSPITAL,MA,94.0,92.0
220024,HOLYOKE MEDICAL CENTER,MA,92.0,90.0
220029,ANNA JAQUES HOSPITAL,MA,92.0,89.0
220030,BAYSTATE WING HOSPITAL,MA,93.0,92.0
220031,BOSTON MEDICAL CENTER,MA,91.0,91.0
220033,NORTHEAST HOSPITAL CORPORATION,MA,90.0,90.0
220035,NORTH SHORE MEDICAL CENTER -,MA,93.0,92.0
220036,BOSTON MEDICAL CENTER-BRIGHTON,MA,92.0,92.0
220046,BERKSHIRE MEDICAL CENTER,MA,91.0,90.0
220049,UMASS MEMORIAL HEALTHCARE-MARLBOROUGH HOSPITAL,MA,90.0,90.0
220060,BETH ISRAEL DEACONESS HOSPITAL PLYMOUTH,MA,91.0,91.0
220063,LOWELL GENERAL HOSPITAL,MA,91.0,90.0
220065,BAYSTATE NOBLE HOSPITAL,MA,91.0,90.0
220066,MERCY MEDICAL CTR,MA,91.0,91.0
220070,MELROSEWAKEFIELD HEALTHCARE,MA,92.0,89.0
220071,MASSACHUSETTS GENERAL HOSPITAL,MA,93.0,93.0
220073,BROWN UNIVERSITY HEALTH MORTON HOSPITAL,MA,89.0,87.0
220074,SOUTHCOAST HOSPITALS GROUP,MA,91.0,90.0
220075,MASSACHUSETTS EYE AND EAR INFIRMARY -,MA,94.0,92.0
220077,BAYSTATE MEDICAL CENTER,MA,89.0,90.0
220080,HOLY FAMILY HOSPITAL,MA,87.0,87.0
220083,BETH ISRAEL DEACONESS HOSPITAL - NEEDHAM,MA,92.0,91.0
220084,EMERSON HOSPITAL -,MA,92.0,92.0
220086,BETH ISRAEL DEACONESS MEDICAL CENTER,MA,92.0,92.0
220088,NEW ENGLAND BAPTIST HOSPITAL,MA,95.0,94.0
220090,MILFORD REGIONAL MEDICAL CENTER,MA,93.0,93.0
220095,HEYWOOD HOSPITAL -,MA,93.0,90.0
220100,SOUTH SHORE HOSPITAL,MA,91.0,90.0
220101,NEWTON-WELLESLEY HOSPITAL,MA,93.0,93.0
220105,WINCHESTER HOSPITAL,MA,93.0,91.0
220108,BETH ISRAEL DEACONESS HOSPITAL - MILTON,MA,92.0,92.0
22010F,VA BOSTON HEALTHCARE SYSTEM - JAMAICA PLAIN,MA,93.0,92.0
220110,BRIGHAM AND WOMEN'S HOSPITAL,MA,93.0,93.0
220111,GOOD SAMARITAN MEDICAL CENTER,MA,87.0,89.0
220116,TUFTS MEDICAL CENTER,MA,94.0,93.0
220119,BRIGHAM AND WOMEN FAULKNER HOSPITAL,MA,90.0,91.0
220135,FALMOUTH HOSPITAL,MA,91.0,89.0
220163,UMASS MEMORIAL MEDICAL CENTER/UNIVERSITY CAMPUS,MA,92.0,90.0
220171,"LAHEY HOSPITAL & MEDICAL CENTER, BURLINGTON",MA,91.0,92.0
220175,METROWEST MEDICAL CENTER,MA,85.0,87.0
220176,ST VINCENT HOSPITAL,MA,85.0,87.0
221300,MARTHA'S VINEYARD HOSPITAL INC,MA,95.0,94.0
221302,FAIRVIEW HOSPITAL,MA,97.0,96.0
230002,ST JOE MERCY HOSPITAL SYSTEM LIVONIA,MI,91.0,88.0
230003,COREWELL HEALTH ZEELAND HOSPITAL,MI,93.0,92.0
230005,PROMEDICA CHARLES AND VIRGINIA HICKMAN HOSPITAL,MI,92.0,90.0
230015,THREE RIVERS HEALTH,MI,92.0,89.0
230017,BRONSON METHODIST HOSPITAL,MI,91.0,91.0
230019,"ASCENSION PROVIDENCE HOSPITAL, SOUTHFIELD AND NOVI",MI,89.0,88.0
230020,BEAUMONT HOSPITAL - DEARBORN,MI,87.0,87.0
230021,"LAKELAND HOSPITAL, ST JOSEPH",MI,91.0,91.0
230022,INSIGHT HOSPITAL AND MEDICAL CENTER COLDWATER,MI,93.0,90.0
230024,SINAI-GRACE HOSPITAL,MI,80.0,84.0
230029,TRINITY HEALTH OAKLAND HOSPITAL,MI,89.0,88.0
230030,MYMICHIGAN MEDICAL CENTER ALMA,MI,93.0,92.0
230031,LAKE HURON MEDICAL CENTER,MI,87.0,84.0
230035,SPECTRUM HEALTH UNITED HOSPITAL,MI,93.0,94.0
230036,MYMICHIGAN MEDICAL CENTER ALPENA,MI,94.0,92.0
230037,HILLSDALE HOSPITAL,MI,94.0,94.0
230038,SPECTRUM HEALTH,MI,92.0,92.0
230041,MCLAREN BAY REGION,MI,90.0,88.0
230046,UNIVERSITY OF MICHIGAN HEALTH SYSTEM,MI,94.0,93.0
230047,HENRY FORD MACOMB HOSPITAL,MI,90.0,88.0
230053,HENRY FORD HEALTH HOSPITAL,MI,91.0,91.0
230054,UPHS MARQUETTE DLP HOSPITAL,MI,93.0,92.0
230055,DICKINSON COUNTY MEMORIAL HOSPITAL,MI,90.0,91.0
230058,MUNSON HEALTHCARE GRAYLING HOSPITAL,MI,92.0,93.0
230059,MERCY HEALTH SAINT MARY'S,MI,93.0,92.0
230066,TRINITY HEALTH MUSKEGON HOSPITAL,MI,91.0,91.0
230069,TRINITY HEALTH LIVINGSTON HOSPITAL,MI,93.0,93.0
230070,COVENANT MEDICAL CENTER,MI,92.0,90.0
230072,HOLLAND COMMUNITY HOSPITAL,MI,94.0,92.0
230075,BRONSON BATTLE CREEK HOSPITAL,MI,91.0,91.0
230077,ASCENSION ST MARY'S HOSPITAL,MI,91.0,88.0
230080,MCLAREN CENTRAL MICHIGAN,MI,92.0,93.0
230081,MUNSON HEALTHCARE CADILLAC HOSPITAL,MI,93.0,93.0
230089,BEAUMONT HOSPITAL - GROSSE POINTE,MI,90.0,89.0
230092,HENRY FORD ALLEGIANCE HEALTH,MI,89.0,90.0
230093,COREWELL HEALTH BIG RAPIDS HOSPITAL,MI,92.0,92.0
230095,MYMICHIGAN MEDICAL CENTER WEST BRANCH,MI,93.0,92.0
230097,MUNSON MEDICAL CENTER,MI,94.0,93.0
230099,PROMEDICA MONROE REGIONAL HOSPITAL,MI,91.0,89.0
230100,TAWAS ST JOSEPH HOSPITAL,MI,91.0,90.0
230104,HARPER UNIVERSITY HOSPITAL,MI,84.0,86.0
230105,MCLAREN NORTHERN MICHIGAN,MI,92.0,90.0
230108,UP HEALTH SYSTEM PORTAGE,MI,96.0,95.0
230110,COREWELL HEALTH LUDINGTON HOSPITAL,MI,93.0,94.0
230117,BORGESS MEDICAL CENTER,MI,88.0,88.0
23011F,VA ANN ARBOR HEALTHCARE SYSTEM,MI,95.0,95.0
230121,MEMORIAL HEALTHCARE,MI,90.0,90.0
230130,BEAUMONT HOSPITAL ROYAL OAK,MI,90.0,88.0
230132,HURLEY MEDICAL CENTER,MI,90.0,89.0
230133,MUNSON HEALTHCARE OTSEGO MEMORIAL HOSPITAL,MI,91.0,91.0
230141,MCLAREN FLINT,MI,90.0,86.0
230142,COREWELL HEALTH WAYNE HOSPITAL,MI,87.0,85.0
230146,WYANDOTTE HOSPITAL AND MEDICAL CENTER,MI,90.0,88.0
230151,BEAUMONT HOSPITAL - FARMINGTON HILLS,MI,87.0,88.0
230156,TRINITY HEALTH ANN ARBOR HOSPITAL,MI,92.0,91.0
230165,HENRY FORD HEALTH ST JOHN HOSPITAL,MI,88.0,86.0
230167,MCLAREN GREATER LANSING,MI,91.0,90.0
230174,TRINITY HEALTH GRAND HAVEN HOSPITAL,MI,94.0,95.0
230176,COREWELL HEALTH TRENTON HOSPITAL,MI,93.0,88.0
230180,MYMICHIGAN MEDICAL CENTER CLARE,MI,92.0,89.0
230193,MCLAREN LAPEER REGION,MI,89.0,85.0
230195,Henry Ford Health Warren Hospital,MI,87.0,85.0
230197,ASCENSION GENESYS HOSPITAL,MI,90.0,87.0
230207,MCLAREN OAKLAND,MI,86.0,86.0
230208,UNIVERSITY OF MICHIGAN HEALTH-SPARROW CARSON,MI,96.0,93.0
230216,MCLAREN PORT HURON,MI,91.0,89.0
230217,OAKLAWN HOSPITAL,MI,94.0,93.0
230222,MYMICHIGAN MEDICAL CENTER MIDLAND,MI,93.0,91.0
230227,MCLAREN MACOMB,MI,88.0,89.0
230230,EDWARD W SPARROW HOSPITAL,MI,90.0,89.0
230236,UNIVERSITY OF MICHIGAN HEALTH - WEST,MI,93.0,92.0
230239,CHIPPEWA COUNTY WAR MEMORIAL HOSPITAL,MI,93.0,92.0
230244,GARDEN CITY HOSPITAL,MI,86.0,85.0
230254,ASCENSION PROVIDENCE ROCHESTER HOSPITAL,MI,88.0,87.0
230259,CHELSEA HOSPITAL,MI,95.0,94.0
230269,"BEAUMONT HOSPITAL, TROY",MI,91.0,88.0
230270,BEAUMONT HOSPITAL - TAYLOR,MI,88.0,86.0
230273,DETROIT RECEIVING HOSPITAL,MI,81.0,85.0
230277,HURON VALLEY-SINAI HOSPITAL,MI,89.0,89.0
230297,KARMANOS CANCER CENTER,MI,94.0,93.0
230302,HENRY FORD HEALTH WEST BLOOMFIELD HOSPITAL,MI,91.0,91.0
230303,MUNSON HEALTHCARE MANISTEE HOSPITAL,MI,92.0,92.0
23037F,DETROIT (JOHN D. DINGELL) VA MEDICAL CENTER,MI,92.0,92.0
231320,MERCY HEALTH LAKESHORE CAMPUS,MI,96.0,95.0
231321,BELL HOSPITAL,MI,94.0,94.0
231322,CHARLEVOIX AREA HOSPITAL,MI,94.0,93.0
231325,MYMICHIGAN MEDICAL CENTER GLADWIN,MI,96.0,93.0
231326,SPARROW CLINTON HOSPITAL,MI,95.0,93.0
231327,UNIVERSITY OF MICHIGAN HEALTH - SPARROW EATON,MI,94.0,90.0
231331,SPARROW IONIA HOSPITAL,MI,93.0,90.0
231332,BRONSON LAKEVIEW HOSPITAL,MI,94.0,92.0
231333,ASPIRUS IRONWOOD HOSPITAL,MI,91.0,89.0
231337,OSF ST FRANCIS HOSPITAL AND MEDICAL GROUP,MI,93.0,96.0
231338,COREWELL HEALTH GERBER HOSPITAL,MI,95.0,92.0
231339,COREWELL HEALTH PENNOCK HOSPITAL,MI,92.0,92.0
231340,MCLAREN THUMB REGION,MI,94.0,94.0
240001,NORTH MEMORIAL HEALTH HOSPITAL,MN,89.0,91.0
240002,ESSENTIA HEALTH ST MARY'S MEDICAL CENTER,MN,92.0,92.0
240004,HENNEPIN COUNTY MEDICAL CENTER,MN,87.0,90.0
240006,OLMSTED MEDICAL CENTER,MN,92.0,91.0
240010,MAYO CLINIC HOSPITAL ROCHESTER,MN,94.0,94.0
240014,NORTHFIELD HOSPITAL,MN,94.0,94.0
240018,MAYO CLINIC HEALTH SYSTEM IN RED WING,MN,94.0,92.0
240019,ESSENTIA HEALTH DULUTH,MN,90.0,90.0
240020,CAMBRIDGE MEDICAL CENTER,MN,93.0,93.0
240022,SANFORD WORTHINGTON MEDICAL CENTER,MN,93.0,92.0
240030,ALOMERE HEALTH,MN,92.0,93.0
240036,ST CLOUD HOSPITAL,MN,92.0,90.0
240038,ALLINA UNITED HOSPITAL,MN,90.0,91.0
24003F,MINNEAPOLIS VA MEDICAL CENTER,MN,94.0,95.0
240040,RANGE REGIONAL HEALTH SERVICES,MN,92.0,93.0
240043,MAYO CLINIC HEALTH SYSTEM - ALBERT LEA AND AUSTIN,MN,92.0,93.0
240044,WINONA HEALTH SERVICES,MN,92.0,92.0
240047,ST LUKES HOSPITAL,MN,91.0,91.0
240050,FAIRVIEW LAKES HEALTH SERVICES,MN,92.0,91.0
240052,LAKE REGION HEALTHCARE CORPORATION,MN,96.0,95.0
240053,PARK NICOLLET METHODIST HOSPITAL,MN,93.0,93.0
240056,RIDGEVIEW MEDICAL CENTER,MN,91.0,92.0
240057,ABBOTT NORTHWESTERN HOSPITAL,MN,92.0,92.0
240064,GRAND ITASCA CLINIC AND HOSPITAL,MN,93.0,94.0
240066,LAKEVIEW MEMORIAL HOSPITAL,MN,94.0,95.0
240069,OWATONNA HOSPITAL,MN,93.0,92.0
240071,ALLINA HEALTH FARIBAULT MEDICAL CENTER,MN,93.0,92.0
240075,ESSENTIA HEALTH ST JOSEPH'S MEDICAL CENTER,MN,93.0,93.0
240076,BUFFALO HOSPITAL,MN,93.0,94.0
240078,M HEALTH FAIRVIEW SOUTHDALE HOSPITAL,MN,90.0,91.0
240080,M HEALTH FAIRVIEW UNIVERSITY OF MN MEDICAL CENTER,MN,91.0,93.0
240084,ESSENTIA HEALTH VIRGINIA,MN,93.0,91.0
240088,CENTRACARE- RICE MEMORIAL HOSPITAL,MN,93.0,92.0
240093,MAYO CLINIC HEALTH SYSTEM - MANKATO,MN,93.0,91.0
240100,SANFORD BEMIDJI MEDICAL CENTER,MN,91.0,90.0
240101,ESSENTIA HEALTH ST MARYS - DETROIT LAKES,MN,93.0,92.0
240104,ST FRANCIS REGIONAL MEDICAL CENTER,MN,90.0,91.0
240106,REGIONS HOSPITAL,MN,91.0,91.0
240115,MERCY HOSPITAL,MN,89.0,90.0
240141,FAIRVIEW NORTHLAND REGIONAL HOSPITAL,MN,94.0,92.0
240166,MAYO CLINIC HEALTH SYSTEM - FAIRMONT,MN,95.0,95.0
240187,HUTCHINSON HEALTH,MN,94.0,92.0
240207,M HEALTH FAIRVIEW RIDGES HOSPITAL,MN,91.0,90.0
240210,M HEALTH FAIRVIEW ST JOHN'S HOSPITAL,MN,90.0,89.0
240213,M HEALTH FAIRVIEW WOODWINDS HOSPITAL,MN,90.0,90.0
240214,MAPLE GROVE HOSPITAL,MN,91.0,91.0
241305,RIVERWOOD HEALTHCARE CENTER,MN,95.0,95.0
241320,RIVERVIEW HOSPITAL,MN,95.0,95.0
241325,CHIPPEWA COUNTY HOSPITAL,MN,95.0,96.0
241329,LAKEWOOD HEALTH SYSTEM,MN,92.0,93.0
241332,WINDOM AREA HEALTH,MN,95.0,94.0
241333,MAYO CLINIC HEALTH SYSTEM ST. JAMES,MN,92.0,94.0
241334,RIVER'S EDGE HOSPITAL & CLINIC,MN,96.0,94.0
241353,CUYUNA REGIONAL MEDICAL CENTER,MN,95.0,93.0
241354,ASTERA HEALTH,MN,94.0,94.0
241355,GLENCOE REGIONAL HEALTH,MN,94.0,94.0
241359,AVERA MARSHALL REGIONAL MEDICAL CTR,MN,93.0,93.0
241361,MAYO CLINIC HEALTH SYSTEM NEW PRAGUE,MN,95.0,95.0
241362,CENTRACARE HEALTH - MONTICELLO,MN,94.0,93.0
241364,COMMUNITY MEMORIAL HOSPITAL,MN,94.0,92.0
241366,MEEKER MEMORIAL HOSPITAL,MN,93.0,89.0
241367,WELIA HEALTH,MN,95.0,94.0
241368,CENTRACARE HEALTH SYSTEM - SAUK CENTRE,MN,93.0,95.0
241369,UNITED HOSPITAL DISTRICT,MN,93.0,93.0
241370,ST GABRIELS HOSPITAL,MN,93.0,94.0
241373,PERHAM HEALTH,MN,95.0,96.0
241376,GLACIAL RIDGE HOSPITAL,MN,96.0,95.0
241378,NEW ULM MEDICAL CENTER,MN,95.0,95.0
241380,ST JOSEPHS AREA  HEALTH SERVICES,MN,95.0,95.0
241381,SANFORD THIEF RIVER FALLS MEDICAL CENTER,MN,94.0,92.0
250001,UNIVERSITY OF MISSISSIPPI MED CENTER,MS,91.0,93.0
250002,TISHOMINGO HEALTH SERVICES INC,MS,97.0,98.0
250004,NORTH MISSISSIPPI MEDICAL CENTER,MS,91.0,91.0
250006,BAPTIST MEMORIAL HOSPITAL UNION COUNTY,MS,94.0,96.0
250007,Memorial Hospital Biloxi,MS,88.0,89.0
250009,MAGNOLIA REGIONAL HEALTH CENTER,MS,92.0,93.0
250019,MEMORIAL HOSPITAL AT GULFPORT,MS,91.0,90.0
250025,NORTH MISSISSIPPI MEDICAL CENTER-GILMORE AMORY,MS,94.0,93.0
250031,MERIT HEALTH RIVER REGION,MS,88.0,89.0
250034,BAPTIST MEMORIAL HOSPITAL NORTH MS,MS,94.0,93.0
250036,GEORGE REGIONAL HEALTH SYSTEM,MS,93.0,93.0
250038,MERIT HEALTH MADISON,MS,93.0,93.0
250040,SINGING RIVER HEALTH SYSTEM,MS,91.0,91.0
250048,ST DOMINIC-JACKSON MEMORIAL HOSPITAL,MS,91.0,92.0
250050,OCH REGIONAL MEDICAL CENTER,MS,91.0,93.0
250057,KING'S DAUGHTERS MEDICAL CENTER-BROOKHAVEN,MS,94.0,93.0
250058,SOUTH CENTRAL REG MED CTR,MS,92.0,93.0
250069,OCHSNER RUSH HOSPITAL,MS,92.0,93.0
250078,FORREST GENERAL HOSPITAL,MS,93.0,93.0
250082,DELTA HEALTH SYSTEM - THE MEDICAL CENTER,MS,89.0,92.0
250084,MERIT HEALTH NATCHEZ,MS,91.0,91.0
250093,BOLIVAR MEDICAL CENTER,MS,91.0,95.0
250094,MERIT HEALTH WESLEY,MS,92.0,94.0
250097,SOUTHWEST MS REGIONAL MEDICAL CENTER,MS,92.0,91.0
250100,BMH-GOLDEN TRIANGLE,MS,95.0,94.0
250102,MISSISSIPPI BAPTIST MEDICAL CENTER,MS,92.0,93.0
250104,ANDERSON REGIONAL MEDICAL CENTER,MS,88.0,90.0
250123,SINGING RIVER GULFPORT,MS,92.0,92.0
250136,MERIT HEALTH WOMEN'S HOSPITAL,MS,93.0,93.0
250138,MERIT HEALTH RIVER OAKS,MS,84.0,88.0
250141,BAPTIST MEMORIAL HOSPITAL DESOTO,MS,90.0,89.0
250162,OCHSNER MEDICAL CENTER-HANCOCK,MS,91.0,92.0
250167,METHODIST HEALTHCARE - OLIVE BRANCH HOSPITAL,MS,91.0,92.0
250168,UNIVERSITY OF MISSISSIPPI MEDICAL CENTER- GRENADA,MS,92.0,92.0
25039F,81st Medical Group (Keesler AFB),MS,97.0,96.0
25042F,VA GULF COAST HEALTHCARE SYSTEM,MS,94.0,93.0
25043F,G. V. (SONNY) MONTGOMERY VA MEDICAL CENTER (JACKSON),MS,91.0,95.0
260001,MERCY HOSPITAL JOPLIN,MO,89.0,91.0
260005,SSM ST JOSEPH HEALTH CENTER,MO,90.0,88.0
260006,MOSAIC LIFE CARE AT ST JOSEPH,MO,91.0,92.0
260009,BOTHWELL REGIONAL HEALTH CENTER,MO,92.0,91.0
260011,SSM HEALTH ST. MARY'S HOSPITAL - JEFFERSON CITY,MO,90.0,92.0
260017,PHELPS COUNTY REGIONAL MEDICAL CENTER,MO,90.0,89.0
260020,MERCY HOSPITAL ST LOUIS,MO,92.0,91.0
260022,NORTHEAST REGIONAL MEDICAL CENTER,MO,91.0,90.0
260023,MERCY HOSPITAL JEFFERSON,MO,93.0,92.0
260024,TEXAS COUNTY MEMORIAL HOSPITAL,MO,95.0,94.0
260025,HANNIBAL REGIONAL HOSPITAL,MO,92.0,89.0
260027,RESEARCH MEDICAL CENTER,MO,86.0,85.0
26002F,General Leonard Wood ACH (FT Leonard Wood),MO,94.0,90.0
260032,BARNES JEWISH HOSPITAL,MO,93.0,92.0
260040,COX MEDICAL CENTERS,MO,89.0,90.0
260048,TRUMAN MEDICAL CENTER HOSPITAL HILL,MO,87.0,88.0
26004F,KANSAS CITY VA MEDICAL CENTER,MO,91.0,91.0
260052,MERCY HOSPITAL WASHINGTON,MO,91.0,89.0
260057,CAMERON REGIONAL MEDICAL CENTER,MO,91.0,92.0
260059,MERCY HOSPITAL LEBANON,MO,92.0,90.0
260061,NEVADA REGIONAL MEDICAL CENTER,MO,91.0,90.0
260062,SAINT LUKES NORTH HOSPITAL,MO,92.0,91.0
260065,MERCY HOSPITAL SPRINGFIELD,MO,90.0,89.0
260068,BOONE HOSPITAL CENTER,MO,91.0,91.0
260074,MOBERLY REGIONAL MEDICAL CENTER,MO,92.0,92.0
260077,MERCY HOSPITAL SOUTH,MO,88.0,87.0
260078,OZARKS HEALTHCARE,MO,92.0,93.0
260081,SSM ST CLARE HEALTH CENTER,MO,91.0,89.0
260085,ST JOSEPH MEDICAL CENTER,MO,86.0,87.0
260091,SSM HEALTH ST MARY'S HOSPITAL - ST LOUIS,MO,90.0,89.0
260094,COX MEDICAL CENTER BRANSON,MO,92.0,92.0
260095,CENTERPOINT MEDICAL CENTER,MO,89.0,86.0
260096,NORTH KANSAS CITY HOSPITAL,MO,90.0,89.0
260097,WESTERN MISSOURI MEDICAL CENTER,MO,92.0,91.0
26009F,ST LOUIS-JOHN COCHRAN VA MEDICAL CENTER,MO,91.0,93.0
260102,UNIVERSITY HEALTH LAKEWOOD MEDICAL CENTER,MO,88.0,88.0
260104,SSM HEALTH DEPAUL HOSPITAL ST LOUIS,MO,88.0,90.0
260105,SSM HEALTH SAINT LOUIS UNIVERSITY HOSPITAL,MO,87.0,88.0
260108,MISSOURI BAPTIST MEDICAL CENTER,MO,93.0,93.0
260110,MERCY HOSPITAL SOUTHEAST,MO,90.0,90.0
260113,MISSOURI DELTA MEDICAL CENTER,MO,89.0,91.0
260119,POPLAR BLUFF REGIONAL MEDICAL CENTER,MO,89.0,90.0
260137,FREEMAN HEALTH SYSTEM - FREEMAN WEST,MO,92.0,91.0
260138,ST LUKES HOSPITAL OF KANSAS CITY,MO,93.0,92.0
260141,UNIVERSITY OF MISSOURI HEALTH CARE,MO,91.0,89.0
260142,FITZGIBBON HOSPITAL,MO,90.0,92.0
260160,MERCY HOSPITAL STODDARD,MO,94.0,95.0
260162,BARNES-JEWISH WEST COUNTY HOSPITAL,MO,95.0,93.0
260163,PARKLAND HEALTH CENTER,MO,93.0,92.0
260175,GOLDEN VALLEY MEMORIAL HOSPITAL,MO,93.0,92.0
260176,ST LUKE'S DES PERES HOSPITAL,MO,92.0,94.0
260177,LIBERTY HOSPITAL,MO,91.0,90.0
260179,ST LUKES HOSPITAL,MO,91.0,92.0
260180,CHRISTIAN HOSPITAL NORTHEAST,MO,91.0,91.0
260183,SAINT FRANCIS MEDICAL CENTER,MO,90.0,91.0
260186,LAKE REGIONAL HEALTH SYSTEM,MO,92.0,92.0
260190,LEE'S SUMMIT MEDICAL CENTER,MO,91.0,90.0
260191,BARNES-JEWISH ST PETERS HOSPITAL,MO,92.0,90.0
260193,ST MARY'S MEDICAL CENTER,MO,87.0,85.0
260195,CITIZENS MEMORIAL HOSPITAL,MO,91.0,93.0
260200,SSM ST JOSEPH HOSPITAL WEST,MO,90.0,88.0
260214,BELTON REGIONAL MEDICAL CENTER,MO,89.0,88.0
260216,SAINT LUKE'S EAST  HOSPITAL,MO,92.0,91.0
260219,PROGRESS WEST HOSPITAL,MO,94.0,91.0
26023F,COLUMBIA MO VA MEDICAL CENTER,MO,94.0,91.0
261311,MERCY HOSPITAL PERRY,MO,91.0,95.0
261316,MERCY HOSPITAL AURORA,MO,96.0,98.0
261319,MERCY HOSPITAL LINCOLN,MO,91.0,90.0
261320,LAFAYETTE REGIONAL HEALTH CENTER,MO,95.0,95.0
261321,HEDRICK MEDICAL CENTER,MO,95.0,96.0
261324,CASS REGIONAL MEDICAL CENTER,MO,91.0,88.0
261325,COX BARTON COUNTY HOSPITAL,MO,97.0,95.0
261329,COX MONETT HOSPITAL,MO,95.0,95.0
261331,FREEMAN NEOSHO HOSPITAL,MO,96.0,96.0
261337,MISSOURI BAPTIST SULLIVAN HOSPITAL,MO,95.0,93.0
261338,MERCY HOSPITAL CARTHAGE,MO,92.0,92.0
270003,ST PETERS HEALTH,MT,91.0,92.0
270004,BILLINGS CLINIC,MT,91.0,90.0
270012,BENEFIS HOSPITALS INC,MT,88.0,89.0
270014,ST. PATRICK HOSPITAL,MT,94.0,94.0
270017,ST JAMES HOSPITAL,MT,93.0,92.0
270023,COMMUNITY MEDICAL CENTER,MT,90.0,90.0
27003F,VA MONTANA HEALTHCARE SYSTEM,MT,94.0,96.0
270049,INTERMOUNTAIN HEALTH ST VINCENT REGIONAL HOSPITAL,MT,92.0,91.0
270051,LOGAN HEALTH MEDICAL CENTER,MT,91.0,90.0
270057,BOZEMAN HEALTH DEACONESS HOSPITAL,MT,93.0,91.0
270086,GREAT FALLS CLINIC HOSPITAL,MT,92.0,91.0
271317,LIVINGSTON HEALTHCARE,MT,93.0,93.0
271320,CABINET PEAKS MEDICAL CENTER,MT,94.0,88.0
271332,GLENDIVE MEDICAL CENTER,MT,96.0,93.0
271335,COMMUNITY HOSPITAL OF ANACONDA,MT,95.0,97.0
271336,LOGAN HEALTH - WHITEFISH,MT,92.0,92.0
271340,BITTERROOT HEALTH - DALY HOSPITAL,MT,92.0,94.0
271344,SIDNEY HEALTH CENTER,MT,93.0,92.0
271345,CENTRAL MONTANA MEDICAL CENTER,MT,92.0,93.0
271347,HOLY ROSARY HOSPITAL,MT,95.0,95.0
280003,BRYAN MEDICAL CENTER,NE,92.0,91.0
280009,CHI HEALTH GOOD SAMARITAN,NE,92.0,90.0
280013,THE NEBRASKA MEDICAL CENTER,NE,90.0,91.0
280020,CHI HEALTH ST. ELIZABETH,NE,89.0,90.0
280023,CHI HEALTH ST. FRANCIS,NE,91.0,91.0
280032,MARY LANNING HEALTHCARE,NE,92.0,91.0
280040,THE NEBRASKA METHODIST HOSPITAL,NE,93.0,92.0
280060,CHI HEALTH BERGAN MERCY,NE,89.0,89.0
280061,REGIONAL WEST MEDICAL CENTER,NE,87.0,88.0
280065,GREAT PLAINS HEALTH,NE,89.0,90.0
28006F,OMAHA VA MEDICAL CENTER (VA NEBRASKA WESTERN IOWA HEALTHCARE SYSTEM),NE,93.0,94.0
280077,METHODIST FREMONT HEALTH,NE,91.0,90.0
280081,CHI HEALTH IMMANUEL,NE,91.0,91.0
280105,CHI HEALTH MIDLANDS,NE,95.0,93.0
280111,"COLUMBUS COMMUNITY HOSPITAL, INC",NE,92.0,92.0
280125,FAITH REGIONAL HEALTH SERVICES,NE,94.0,90.0
280128,CHI HEALTH NEBRASKA HEART,NE,96.0,93.0
280129,NEBRASKA ORTHOPAEDIC HOSPITAL,NE,95.0,96.0
280130,CHI HEALTH LAKESIDE,NE,91.0,90.0
280131,MIDWEST SURGICAL HOSPITAL LLC,NE,96.0,95.0
280132,BELLEVUE MEDICAL CENTER,NE,91.0,92.0
280133,"NEBRASKA SPINE HOSPITAL, LLC",NE,95.0,96.0
280134,KEARNEY REGIONAL MEDICAL CENTER,NE,92.0,92.0
280139,GRAND ISLAND REGIONAL MEDICAL CENTER,NE,90.0,92.0
281304,THAYER COUNTY HEALTH SERVICES,NE,98.0,97.0
281315,BRODSTONE HEALTHCARE,NE,97.0,95.0
281322,ST FRANCIS MEMORIAL HOSPITAL,NE,96.0,96.0
281329,AVERA ST ANTHONY'S HOSPITAL,NE,95.0,95.0
281334,BOONE COUNTY HEALTH CENTER,NE,96.0,98.0
281336,YORK GENERAL HEALTH CARE SERVICES,NE,93.0,94.0
281352,"COMMUNITY MEDICAL CENTER, INC",NE,95.0,98.0
281357,SIDNEY REGIONAL MEDICAL CENTER,NE,94.0,94.0
281359,MEMORIAL COMMUNITY HOSPITAL & HEALTH SYSTEM,NE,93.0,91.0
281360,BOX BUTTE GENERAL HOSPITAL,NE,90.0,92.0
281362,PHELPS MEMORIAL HEALTH CENTER,NE,95.0,95.0
281364,"BEATRICE COMMUNITY HOSPITAL & HEALTH CENTER, INC",NE,93.0,91.0
290001,RENOWN REGIONAL MEDICAL CENTER,NV,91.0,89.0
290003,SUNRISE HOSPITAL AND MEDICAL CENTER,NV,84.0,81.0
290005,NORTH VISTA HOSPITAL,NV,87.0,88.0
290007,UNIVERSITY MEDICAL CENTER,NV,87.0,86.0
290008,NORTHEASTERN NEVADA REGIONAL HOSPITAL,NV,91.0,87.0
290009,SAINT MARY'S REGIONAL MEDICAL CENTER,NV,89.0,88.0
290019,CARSON TAHOE REGIONAL MEDICAL CENTER,NV,91.0,89.0
29001F,99th Medical Group (Nellis AFB),NV,94.0,93.0
290021,VALLEY HOSPITAL MEDICAL CENTER,NV,87.0,86.0
29002F,VA SIERRA NEVADA HEALTHCARE SYSTEM,NV,91.0,92.0
290032,NORTHERN NEVADA MEDICAL CENTER,NV,90.0,90.0
290039,MOUNTAINVIEW HOSPITAL,NV,90.0,86.0
290041,SUMMERLIN HOSPITAL MEDICAL CENTER,NV,89.0,86.0
290045,SAINT ROSE DOMINICAN HOSPITALS - SIENA CAMPUS,NV,89.0,86.0
290046,SPRING VALLEY HOSPITAL MEDICAL CENTER,NV,89.0,86.0
290047,SOUTHERN HILLS HOSPITAL AND MEDICAL CENTER,NV,88.0,88.0
290049,RENOWN SOUTH MEADOWS MEDICAL CENTER,NV,91.0,91.0
29004F,VA SOUTHERN NEVADA HEALTHCARE SYSTEM,NV,92.0,90.0
290053,SAINT ROSE DOMINICAN HOSPITALS - SAN MARTIN CAMPUS,NV,93.0,91.0
290054,CENTENNIAL HILLS HOSPITAL MEDICAL CENTER,NV,86.0,85.0
290057,HENDERSON HOSPITAL,NV,86.0,83.0
291306,CARSON VALLEY HEALTH,NV,95.0,93.0
291307,MESA VIEW REGIONAL HOSPITAL,NV,89.0,88.0
291308,HUMBOLDT GENERAL HOSPITAL,NV,93.0,88.0
291311,DESERT VIEW HOSPITAL,NV,88.0,80.0
291313,BANNER CHURCHILL COMMUNITY HOSPITAL,NV,93.0,91.0
300001,CONCORD HOSPITAL,NH,91.0,91.0
300003,MARY HITCHCOCK MEMORIAL HOSPITAL,NH,92.0,92.0
300005,CONCORD HOSPITAL- LACONIA,NH,91.0,92.0
300011,ST JOSEPH HOSPITAL,NH,92.0,90.0
300012,ELLIOT HOSPITAL,NH,93.0,92.0
300014,FRISBIE MEMORIAL HOSPITAL,NH,94.0,90.0
300017,PARKLAND MEDICAL CENTER,NH,92.0,89.0
300018,WENTWORTH-DOUGLASS HOSPITAL,NH,93.0,93.0
300019,CHESHIRE MEDICAL CENTER,NH,91.0,91.0
300020,SOUTHERN NH MEDICAL CENTER,NH,92.0,91.0
300023,EXETER HOSPITAL INC,NH,93.0,92.0
300029,PORTSMOUTH REGIONAL HOSPITAL,NH,90.0,90.0
300034,CATHOLIC MEDICAL CENTER,NH,93.0,92.0
301302,LITTLETON REGIONAL HEALTHCARE,NH,94.0,95.0
301304,NEW LONDON HOSPITAL,NH,92.0,92.0
301305,ALICE PECK DAY MEMORIAL HOSPITAL,NH,96.0,94.0
301307,"MEMORIAL HOSPITAL, THE",NH,95.0,95.0
301309,MONADNOCK COMMUNITY HOSPITAL,NH,93.0,92.0
301310,ANDROSCOGGIN VALLEY HOSPITAL,NH,92.0,92.0
301311,SPEARE MEMORIAL HOSPITAL,NH,94.0,91.0
301312,HUGGINS HOSPITAL,NH,95.0,94.0
310001,HACKENSACK UNIVERSITY MEDICAL CENTER,NJ,90.0,90.0
310002,NEWARK BETH ISRAEL MEDICAL CENTER,NJ,86.0,88.0
310003,PALISADES MEDICAL CENTER,NJ,88.0,87.0
310005,HUNTERDON MEDICAL CENTER,NJ,92.0,92.0
310006,ST MARY'S GENERAL HOSPITAL,NJ,88.0,90.0
310008,HOLY NAME MEDICAL CENTER,NJ,91.0,91.0
310009,CLARA MAASS MEDICAL CENTER,NJ,90.0,89.0
310010,UNIVERSITY MEDICAL CENTER OF PRINCETON AT PLAINSBORO,NJ,90.0,89.0
310012,VALLEY HOSPITAL,NJ,91.0,90.0
310014,COOPER UNIVERSITY HOSPITAL,NJ,90.0,90.0
310015,MORRISTOWN MEDICAL CENTER,NJ,91.0,90.0
310016,CAREPOINT HEALTH-CHRIST HOSPITAL,NJ,88.0,87.0
310017,CHILTON MEDICAL CENTER,NJ,92.0,90.0
310019,ST JOSEPH'S UNIVERSITY MEDICAL CENTER INC,NJ,87.0,88.0
31001F,VA NEW JERSEY HEALTH CARE SYSTEM,NJ,91.0,92.0
310022,WEST JERSEY HOSPITAL,NJ,91.0,89.0
310024,ROBERT WOOD JOHNSON UNIVERSITY HOSPITAL AT RAHWAY,NJ,91.0,88.0
310025,CAREPOINT HEALTH - BAYONNE MEDICAL CENTER,NJ,85.0,87.0
310027,TRINITAS REGIONAL MEDICAL CENTER,NJ,86.0,87.0
310028,NEWTON MEDICAL CENTER,NJ,91.0,88.0
310029,VIRTUA OUR LADY OF LOURDES HOSPITAL,NJ,90.0,89.0
310031,DEBORAH HEART AND LUNG CENTER,NJ,93.0,92.0
310032,INSPIRA MEDICAL CENTER VINELAND,NJ,92.0,90.0
310034,RIVERVIEW MEDICAL CENTER,NJ,93.0,91.0
310038,ROBERT WOOD JOHNSON UNIVERSITY HOSPITAL,NJ,90.0,90.0
310039,RARITAN BAY MEDICAL CENTER,NJ,88.0,88.0
310040,CAREPOINT HEALTH-HOBOKEN UNIVERSITY MEDICAL CENTER,NJ,87.0,87.0
310041,COMMUNITY MEDICAL CENTER,NJ,90.0,87.0
310044,CAPITAL HEALTH MEDICAL CENTER - HOPEWELL,NJ,89.0,88.0
310045,ENGLEWOOD HOSPITAL AND MEDICAL CENTER,NJ,92.0,91.0
310047,SHORE MEDICAL CENTER,NJ,91.0,90.0
310048,ROBERT WOOD JOHNSON UNIVERSITY HOSPITAL - SOMERSET,NJ,92.0,90.0
310050,SAINT CLARE'S HOSPITAL/ DENVILLE CAMPUS,NJ,88.0,88.0
310051,OVERLOOK MEDICAL CENTER,NJ,90.0,90.0
310052,OCEAN MEDICAL CENTER,NJ,91.0,89.0
310054,HACKENSACK MERIDIAN MOUNTAINSIDE MEDICAL,NJ,89.0,89.0
310057,VIRTUA MOUNT HOLLY HOSPITAL,NJ,89.0,88.0
310060,ST LUKE'S WARREN HOSPITAL,NJ,92.0,91.0
310061,VIRTUA WILLINGBORO HOSPITAL,NJ,88.0,89.0
310064,ATLANTICARE REGIONAL MEDICAL CENTER - CITY CAMPUS,NJ,91.0,89.0
310069,INSPIRA MEDICAL CENTER MULLICA HILL,NJ,92.0,91.0
310070,SAINT PETER'S UNIVERSITY HOSPITAL,NJ,91.0,88.0
310073,JERSEY SHORE UNIVERSITY MEDICAL CENTER,NJ,90.0,88.0
310074,JERSEY CITY MEDICAL CENTER,NJ,90.0,90.0
310075,MONMOUTH MEDICAL CENTER,NJ,91.0,90.0
310076,COOPERMAN BARNABAS MEDICAL CENTER,NJ,90.0,90.0
310083,CAREWELL HEALTH MEDICAL CENTER,NJ,83.0,84.0
310084,MONMOUTH MEDICAL CENTER-SOUTHERN CAMPUS,NJ,91.0,89.0
310086,JEFFERSON STRATFORD HOSPITAL,NJ,91.0,89.0
310092,CAPITAL HEALTH REGIONAL MEDICAL CENTER,NJ,84.0,85.0
310096,SAINT MICHAEL'S MEDICAL CENTER,NJ,90.0,90.0
310108,JFK UNIVERSITY MEDICAL CENTER,NJ,88.0,87.0
310110,ROBERT WOOD JOHNSON UNIVERSITY HOSPITAL AT HAMILTON,NJ,93.0,91.0
310111,CENTRASTATE MEDICAL CENTER,NJ,91.0,89.0
310112,BAYSHORE MEDICAL CENTER,NJ,91.0,87.0
310113,SOUTHERN OCEAN MEDICAL CENTER,NJ,91.0,87.0
310115,AHS HOSPITAL CORP,NJ,89.0,87.0
310118,HUDSON REGIONAL HOSPITAL,NJ,89.0,89.0
310119,THE UNIVERSITY HOSPITAL,NJ,86.0,88.0
310130,HACKENSACK MERIDIAN HEALTH PASCACK VALLEY MEDICAL,NJ,90.0,88.0
320001,UNM HOSPITAL,NM,88.0,90.0
320002,CHRISTUS ST VINCENT REGIONAL MEDICAL CENTER,NM,91.0,91.0
320004,CHRISTUS SOUTHERN NEW MEXICO,NM,91.0,89.0
320005,SAN JUAN REGIONAL MEDICAL CENTER INC,NM,87.0,88.0
320006,EASTERN NEW MEXICO MEDICAL CENTER,NM,87.0,85.0
320009,LOVELACE MEDICAL CENTER,NM,90.0,88.0
320011,PRESBYTERIAN ESPANOLA HOSPITAL,NM,92.0,93.0
320017,LOVELACE WOMEN'S HOSPITAL,NM,88.0,87.0
320018,MEMORIAL MEDICAL CENTER,NM,89.0,87.0
320021,PRESBYTERIAN HOSPITAL,NM,90.0,89.0
320022,PLAINS REGIONAL MEDICAL CENTER,NM,91.0,89.0
320033,LOS ALAMOS MEDICAL CENTER,NM,93.0,90.0
320059,NORTHERN NAVAJO MEDICAL CENTER,NM,86.0,88.0
32005F,VA NEW MEXICO HEALTHCARE SYSTEM,NM,92.0,93.0
320061,GALLUP INDIAN MEDICAL CENTER,NM,81.0,86.0
320063,CARLSBAD MEDICAL CENTER,NM,89.0,86.0
320065,COVENANT HEALTH HOBBS HOSPITAL,NM,94.0,94.0
320074,LOVELACE WESTSIDE HOSPITAL,NM,90.0,91.0
320085,MOUNTAIN VIEW REGIONAL MEDICAL CENTER,NM,88.0,86.0
320086,LOVELACE REGIONAL HOSPITAL - ROSWELL,NM,93.0,93.0
320090,PRESBYTERIAN SANTA FE MEDICAL CENTER,NM,90.0,91.0
320091,THREE CROSSES REGIONAL HOSPITAL LLC,NM,93.0,91.0
321306,LINCOLN COUNTY MEDICAL CENTER,NM,93.0,92.0
321310,HOLY CROSS HOSPITAL A DIV OF TAOS HEALTH SYSTEMS,NM,91.0,91.0
321311,GILA REGIONAL MEDICAL CENTER,NM,94.0,94.0
330005,KALEIDA HEALTH,NY,90.0,88.0
330006,ST JOSEPH'S MEDICAL CENTER,NY,79.0,81.0
330009,BRONXCARE HOSPITAL CENTER,NY,86.0,89.0
330013,ALBANY MEDICAL CENTER HOSPITAL,NY,87.0,88.0
330014,JAMAICA HOSPITAL MEDICAL CENTER,NY,86.0,87.0
330019,"NEW YORK COMMUNITY HOSPITAL OF BROOKLYN, INC.",NY,82.0,82.0
330023,VASSAR BROTHERS MEDICAL CENTER,NY,91.0,89.0
330024,MOUNT SINAI HOSPITAL,NY,89.0,91.0
330027,NASSAU UNIVERSITY MEDICAL CENTER,NY,81.0,85.0
330028,RICHMOND UNIVERSITY MEDICAL CENTER,NY,86.0,86.0
330030,NEWARK-WAYNE COMMUNITY HOSPITAL,NY,92.0,91.0
330033,CHENANGO MEMORIAL HOSPITAL,NY,92.0,91.0
330043,NS/LIJ HS SOUTHSIDE HOSPITAL,NY,90.0,90.0
330044,WYNN HOSPITAL,NY,89.0,87.0
330045,NS/LIJ HS HUNTINGTON HOSPITAL,NY,92.0,91.0
330046,MOUNT SINAI WEST,NY,87.0,90.0
330047,ST MARY'S HEALTHCARE,NY,90.0,89.0
330049,NORTHERN DUTCHESS HOSPITAL,NY,93.0,91.0
330055,NEW YORK-PRESBYTERIAN/QUEENS,NY,87.0,89.0
330056,BROOKLYN HOSPITAL CENTER - DOWNTOWN CAMPUS,NY,86.0,87.0
330057,ST PETER'S HOSPITAL,NY,90.0,89.0
330058,GENEVA GENERAL HOSPITAL,NY,87.0,89.0
330059,MONTEFIORE MEDICAL CENTER,NY,89.0,90.0
330065,NIAGARA FALLS MEMORIAL MEDICAL CENTER,NY,85.0,87.0
330073,UNITED MEMORIAL MEDICAL CENTER,NY,91.0,90.0
330074,F F THOMPSON HOSPITAL,NY,91.0,92.0
330078,SISTERS OF CHARITY HOSPITAL,NY,91.0,91.0
330079,ADIRONDACK MEDICAL CENTER - SARANAC LAKE,NY,95.0,95.0
330080,LINCOLN MEDICAL & MENTAL HEALTH CENTER,NY,85.0,88.0
330085,AURELIA OSBORN FOX MEMORIAL HOSPITAL,NY,91.0,90.0
330086,MONTEFIORE MOUNT VERNON HOSPITAL,NY,86.0,86.0
330090,ARNOT OGDEN MEDICAL CENTER,NY,90.0,87.0
330094,COLUMBIA MEMORIAL HOSPITAL,NY,88.0,88.0
330096,JONES MEMORIAL HOSPITAL,NY,92.0,91.0
33009F,ALBANY VA MEDICAL CENTER,NY,93.0,91.0
330101,NEW YORK-PRESBYTERIAN HOSPITAL,NY,90.0,91.0
330102,KENMORE MERCY HOSPITAL,NY,92.0,91.0
330103,OLEAN GENERAL HOSPITAL,NY,88.0,87.0
330104,NYACK HOSPITAL,NY,89.0,87.0
330106,NORTH SHORE UNIVERSITY HOSPITAL,NY,91.0,90.0
330107,PECONIC BAY MEDICAL CENTER,NY,91.0,89.0
330111,BERTRAND CHAFFEE HOSPITAL,NY,93.0,92.0
330115,ONEIDA HEALTH HOSPITAL,NY,94.0,92.0
330119,LENOX HILL HOSPITAL,NY,89.0,91.0
330125,ROCHESTER GENERAL HOSPITAL,NY,88.0,89.0
330126,GARNET HEALTH MEDICAL CENTER,NY,91.0,89.0
330127,JACOBI MEDICAL CENTER,NY,85.0,88.0
330128,ELMHURST HOSPITAL CENTER,NY,85.0,88.0
33012F,UPSTATE NEW YORK VA HEALTHCARE SYSTEM (WESTERN NY VA HEALTHCARE SYSTEM),NY,93.0,90.0
330135,BON SECOURS COMMUNITY HOSPITAL,NY,92.0,86.0
330136,BASSETT HEALTHCARE,NY,90.0,89.0
330140,ST JOSEPH'S HOSPITAL HEALTH CENTER,NY,92.0,91.0
330141,LONG ISLAND COMMUNITY HOSPITAL,NY,89.0,88.0
330151,ST JAMES HOSPITAL,NY,90.0,90.0
330153,ELLIS HOSPITAL,NY,88.0,88.0
330157,SAMARITAN MEDICAL CENTER,NY,91.0,91.0
330158,GOOD SAMARITAN HOSPITAL OF SUFFERN,NY,88.0,88.0
330160,STATEN ISLAND UNIVERSITY HOSPITAL,NY,88.0,88.0
330162,NORTHERN WESTCHESTER HOSPITAL,NY,93.0,93.0
330164,HIGHLAND HOSPITAL,NY,89.0,91.0
330169,MOUNT SINAI BETH ISRAEL,NY,86.0,87.0
33016F,BRONX VA MEDICAL CENTER,NY,90.0,93.0
330175,GUTHRIE CORTLAND REGIONAL MEDICAL CENTER,NY,90.0,88.0
33017F,VA NEW YORK HARBOR HEALTHCARE SYSTEM - NY DIV.,NY,90.0,91.0
330180,"SAMARITAN HOSPITAL OF TROY, NEW YORK",NY,91.0,89.0
330181,NORTHWELL HOSPITAL GLEN COVE,NY,93.0,92.0
330182,ST FRANCIS HOSPITAL - THE HEART CENTER,NY,94.0,91.0
330184,MONTEFIORE NEW ROCHELLE HOSPITAL,NY,87.0,89.0
330185,JOHN T MATHER MEMORIAL HOSPITAL  OF PORT JEFFERSON,NY,92.0,92.0
330188,MOUNT ST. MARY'S HOSPITAL & HEALTH CENTER,NY,92.0,91.0
330191,GLENS FALLS HOSPITAL,NY,92.0,92.0
330193,FLUSHING HOSPITAL MEDICAL CENTER,NY,89.0,88.0
330194,MAIMONIDES MEDICAL CENTER,NY,87.0,88.0
330195,LONG ISLAND JEWISH MEDICAL CENTER,NY,88.0,88.0
330196,SOUTH BROOKLYN HEALTH,NY,88.0,88.0
330197,CANTON-POTSDAM HOSPITAL,NY,93.0,90.0
330198,MOUNT SINAI SOUTH NASSAU,NY,89.0,89.0
330199,METROPOLITAN HOSPITAL CENTER,NY,86.0,88.0
33019F,NORTHPORT VA MEDICAL CENTER,NY,93.0,93.0
330202,KINGS COUNTY HOSPITAL CENTER,NY,86.0,90.0
330203,CROUSE HOSPITAL,NY,89.0,89.0
330204,BELLEVUE HOSPITAL CENTER,NY,87.0,89.0
330205,ST ANTHONY COMMUNITY HOSPITAL,NY,93.0,89.0
330208,ST JOHN'S RIVERSIDE HOSPITAL,NY,90.0,88.0
330214,NYU LANGONE HOSPITALS,NY,92.0,91.0
330215,"ROME MEMORIAL HOSPITAL, INC",NY,88.0,85.0
330218,OSWEGO HOSPITAL,NY,93.0,93.0
330219,ERIE COUNTY MEDICAL CENTER,NY,89.0,86.0
330221,WYCKOFF HEIGHTS MEDICAL CENTER,NY,86.0,87.0
330222,SARATOGA HOSPITAL,NY,93.0,91.0
330224,HEALTHALLIANCE HOSPITAL MARYS AVENUE CAMPUS,NY,86.0,84.0
330226,UNITY HOSPITAL,NY,88.0,89.0
330229,"BROOKS-TLC HOSPITAL SYSTEM, INC",NY,94.0,92.0
330231,QUEENS HOSPITAL CENTER,NY,88.0,88.0
330233,BROOKDALE HOSPITAL MEDICAL CENTER,NY,83.0,87.0
330234,WESTCHESTER MEDICAL CENTER,NY,86.0,87.0
330235,AUBURN  COMMUNITY  HOSPITAL,NY,89.0,86.0
330238,NICHOLAS H NOYES MEMORIAL HOSPITAL,NY,91.0,89.0
330239,UPMC CHAUTAUQUA AT WCA,NY,90.0,89.0
330240,HARLEM HOSPITAL CENTER,NY,85.0,86.0
330241,UNIVERSITY HOSPITAL S U N Y HEALTH SCIENCE CENTER,NY,92.0,90.0
330246,ST CHARLES HOSPITAL,NY,93.0,91.0
33024F,SYRACUSE VA MEDICAL CENTER,NY,94.0,90.0
330250,CHAMPLAIN VALLEY PHYSICIANS HOSPITAL MEDICAL CTR,NY,92.0,92.0
330259,MERCY MEDICAL CENTER,NY,90.0,90.0
330261,PHELPS HOSPITAL,NY,89.0,89.0
330264,MONTEFIORE ST LUKE'S CORNWALL,NY,90.0,88.0
330265,CLIFTON SPRINGS HOSPITAL AND CLINIC,NY,92.0,92.0
330267,HUDSON VALLEY HOSPITAL CENTER,NY,91.0,91.0
330270,HOSPITAL FOR SPECIAL SURGERY,NY,93.0,93.0
330273,PUTNAM HOSPITAL CENTER,NY,93.0,91.0
330276,NATHAN LITTAUER HOSPITAL,NY,91.0,87.0
330277,CORNING HOSPITAL,NY,90.0,90.0
330279,MERCY HOSPITAL OF BUFFALO,NY,91.0,91.0
330285,STRONG MEMORIAL HOSPITAL,NY,91.0,91.0
330286,GOOD SAMARITAN HOSPITAL MEDICAL CENTER,NY,89.0,87.0
330304,WHITE PLAINS HOSPITAL CENTER,NY,91.0,90.0
330307,CAYUGA MEDICAL CENTER AT ITHACA,NY,92.0,90.0
330331,PLAINVIEW HOSPITAL,NY,92.0,91.0
330332,CHSLI ST JOSEPH HOSPITAL,NY,92.0,92.0
330350,SUNY/DOWNSTATE UNIVERSITY HOSPITAL OF BROOKLYN,NY,87.0,92.0
330386,GARNET HEALTH  MEDICAL CENTER CATSKILLS,NY,88.0,86.0
330393,SUNY/STONY BROOK UNIVERSITY HOSPITAL,NY,91.0,90.0
330394,"UNITED HEALTH SERVICES HOSPITALS, INC",NY,90.0,89.0
330395,ST JOHN'S EPISCOPAL HOSPITAL AT SOUTH SHORE,NY,81.0,85.0
330396,WOODHULL MEDICAL & MENTAL HEALTH CENTER,NY,87.0,90.0
330399,ST BARNABAS HOSPITAL,NY,83.0,87.0
330401,ST CATHERINE OF SIENA HOSPITAL,NY,92.0,89.0
331302,ELIZABETHTOWN COMMUNITY HOSPITAL,NY,96.0,97.0
331311,LITTLE FALLS HOSPITAL,NY,93.0,93.0
331312,"DELAWARE VALLEY HOSPITAL, INC",NY,96.0,93.0
331316,"COMMUNITY MEMORIAL HOSPITAL, INC",NY,94.0,91.0
331320,COBLESKILL REGIONAL HOSPITAL,NY,93.0,94.0
331321,THE UNIVERSITY OF VERMONT HEALTH NETWORK-ALICE HY,NY,92.0,94.0
340001,CAROLINAS MEDICAL CENTER-NORTHEAST,NC,91.0,91.0
340002,MEMORIAL MISSION HOSPITAL AND ASHEVILLE SURGERY CE,NC,89.0,88.0
340003,NORTHERN REGIONAL HOSPITAL,NC,94.0,94.0
340004,HIGH POINT REGIONAL HEALTH SYSTEM,NC,89.0,90.0
340008,SCOTLAND MEMORIAL HOSPITAL,NC,93.0,92.0
340010,UNC HEALTH CARE WAYNE,NC,91.0,90.0
340013,RUTHERFORD REGIONAL MEDICAL CENTER,NC,91.0,91.0
340014,NOVANT HEALTH FORSYTH MEDICAL CENTER,NC,90.0,92.0
340015,NOVANT HEALTH ROWAN MEDICAL CENTER,NC,90.0,90.0
340016,HARRIS REGIONAL HOSPITAL,NC,92.0,93.0
340017,PARDEE HOSPITAL HENDERSON COUNTY,NC,93.0,93.0
340020,CENTRAL CAROLINA HOSPITAL,NC,90.0,93.0
340021,ATRIUM HEALTH CLEVELAND,NC,92.0,90.0
340023,ADVENTHEALTH HENDERSONVILLE,NC,93.0,93.0
340024,SAMPSON REGIONAL MEDICAL CENTER,NC,93.0,93.0
340027,UNC LENOIR HEALTH CARE,NC,91.0,91.0
340028,CAPE FEAR VALLEY MEDICAL CENTER,NC,90.0,90.0
340030,DUKE UNIVERSITY HOSPITAL,NC,93.0,93.0
340032,CAROMONT REGIONAL MEDICAL CENTER,NC,89.0,90.0
340039,IREDELL MEMORIAL HOSPITAL INC,NC,91.0,91.0
340040,ECU HEALTH MEDICAL CENTER,NC,91.0,91.0
340041,CALDWELL MEMORIAL HOSPITAL,NC,91.0,92.0
340042,ONSLOW MEMORIAL HOSPITAL,NC,89.0,87.0
340047,NORTH CAROLINA BAPTIST HOSPITAL,NC,91.0,91.0
340049,NORTH CAROLINA SPECIALTY HOSPITAL,NC,93.0,93.0
340050,SOUTHEASTERN REGIONAL MEDICAL CENTER,NC,91.0,90.0
340051,WATAUGA MEDICAL CENTER,NC,93.0,94.0
340053,NOVANT HEALTH PRESBYTERIAN MEDICAL CENTER,NC,89.0,90.0
340060,UNC ROCKINGHAM,NC,93.0,95.0
340061,UNC HOSPITALS,NC,92.0,93.0
340064,WILKES REGIONAL MEDICAL CENTER,NC,91.0,92.0
340068,COLUMBUS REGIONAL HEALTHCARE SYSTEM,NC,89.0,89.0
340069,"WAKEMED, RALEIGH CAMPUS",NC,91.0,92.0
340070,ALAMANCE REGIONAL MEDICAL CENTER,NC,89.0,91.0
340071,BETSY JOHNSON REGIONAL HOSPITAL,NC,92.0,90.0
340075,"BLUE RIDGE HEALTHCARE HOSPITALS, INC",NC,90.0,90.0
340085,NOVANT HEALTH THOMASVILLE MEDICAL CENTER,NC,91.0,90.0
340087,THE MCDOWELL HOSPITAL,NC,92.0,91.0
340090,JOHNSTON HEALTH,NC,92.0,91.0
340091,"MOSES H. CONE MEMORIAL HOSPITAL, THE",NC,90.0,92.0
340096,LEXINGTON MEMORIAL HOSPITAL INC,NC,92.0,93.0
340097,HUGH CHATHAM MEMORIAL HOSPITAL,NC,92.0,93.0
340098,ATRIUM HEALTH PINEVILLE,NC,90.0,90.0
340099,VIDANT ROANOKE CHOWAN HOSPITAL,NC,91.0,91.0
340107,VIDANT EDGECOMBE HOSPITAL,NC,93.0,93.0
340109,SENTARA ALBEMARLE MEDICAL CENTER,NC,93.0,92.0
340113,CAROLINAS MEDICAL CENTER/BEHAV HEALTH,NC,90.0,91.0
340114,REX HOSPITAL,NC,92.0,92.0
340115,FIRSTHEALTH MOORE REGIONAL HOSPITAL,NC,93.0,93.0
340116,FRYE REGIONAL MEDICAL CENTER,NC,89.0,89.0
340119,STANLY REGIONAL MEDICAL CENTER,NC,91.0,91.0
34011F,NMC Camp Lejeune,NC,94.0,94.0
340120,VIDANT DUPLIN HOSPITAL,NC,93.0,95.0
340123,RANDOLPH HOSPITAL,NC,92.0,92.0
340126,WILSON MEDICAL CENTER,NC,88.0,89.0
340129,DUKE HEALTH LAKE NORMAN HOSPITAL,NC,87.0,88.0
34012F,DURHAM VA MEDICAL CENTER,NC,93.0,95.0
340130,ATRIUM HEALTH UNION,NC,92.0,92.0
340131,CAROLINA EAST MEDICAL CENTER,NC,92.0,91.0
340132,MARIA PARHAM MEDICAL CENTER,NC,86.0,88.0
34013F,FAYETTEVILLE NC VA MEDICAL CENTER,NC,94.0,93.0
340141,NOVANT HEALTH NEW HANOVER REGIONAL MEDICAL CENTER,NC,90.0,89.0
340142,CARTERET GENERAL HOSPITAL,NC,93.0,93.0
340143,CATAWBA VALLEY MEDICAL CENTER,NC,92.0,92.0
340145,ATRIUM HEALTH LINCOLN,NC,94.0,93.0
340147,UNC HEALTH NASH,NC,91.0,91.0
340148,NOVANT HEALTH MEDICAL PARK HOSPITAL,NC,96.0,94.0
34014F,Womack AMC (FT Bragg),NC,93.0,93.0
340151,ECU HEALTH NORTH HOSPITAL,NC,88.0,91.0
340155,DUKE REGIONAL HOSPITAL,NC,92.0,93.0
340158,NOVANT HEALTH BRUNSWICK MEDICAL CENTER,NC,92.0,93.0
340166,ATRIUM HEALTH UNIVERSITY CITY,NC,91.0,91.0
340171,NOVANT HEALTH MATTHEWS MEDICAL CENTER,NC,91.0,92.0
340173,"WAKEMED, CARY HOSPITAL",NC,93.0,91.0
34017F,W.G. (BILL) HEFNER SALISBURY VA MEDICAL CENTER (SALSBURY),NC,93.0,92.0
340183,NOVANT HEALTH HUNTERSVILLE MEDICAL CENTER,NC,90.0,91.0
340184,HAYWOOD REGIONAL MEDICAL CENTER,NC,91.0,90.0
340188,CAPE FEAR VALLEY HOKE HOSPITAL,NC,94.0,91.0
340190,NOVANT HEALTH MINT HILL MEDICAL CENTER,NC,93.0,92.0
340195,NOVANT HEALTH BALLANTYNE MEDICAL CENTER,NC,92.0,94.0
34036F,ASHEVILLE-OTEEN VA MEDICAL CENTER,NC,97.0,97.0
341311,CHATHAM HOSPITAL INC,NC,94.0,94.0
341316,HIGHLANDS CASHIERS HOSPITAL,NC,96.0,96.0
341318,VIDANT CHOWAN HOSPITAL,NC,93.0,93.0
341319,"TRANSYLVANIA REGIONAL HOSPITAL, INC",NC,91.0,91.0
341322,ST LUKES HOSPITAL,NC,95.0,95.0
341324,"THE OUTER BANKS HOSPITAL, INC",NC,94.0,93.0
341326,ANGEL MEDICAL CENTER,NC,92.0,92.0
341327,J ARTHUR DOSHER MEMORIAL HOSPITAL,NC,96.0,96.0
341328,ERLANGER MURPHY MEDICAL CENTER,NC,95.0,96.0
341329,BLUE RIDGE REGIONAL HOSPITAL,NC,92.0,90.0
350002,CHI ST ALEXIUS HEALTH,ND,92.0,92.0
350006,TRINITY HOSPITALS,ND,88.0,87.0
350011,SANFORD MEDICAL CENTER FARGO,ND,89.0,89.0
350015,SANFORD MEDICAL CENTER BISMARCK,ND,89.0,88.0
350019,ALTRU HOSPITAL,ND,89.0,90.0
35002F,FARGO VA MEDICAL CENTER,ND,95.0,96.0
350070,ESSENTIA HEALTH,ND,90.0,90.0
351330,WEST RIVER REGIONAL MEDICAL CENTER,ND,94.0,94.0
351334,CHI ST ALEXIUS HEALTH WILLISTON,ND,90.0,89.0
351335,JAMESTOWN REGIONAL MEDICAL CENTER,ND,94.0,92.0
351336,CHI ST ALEXIUS HEALTH DICKINSON,ND,91.0,92.0
360001,MERCY HEALTH-ANDERSON HOSPITAL,OH,93.0,92.0
360002,UNIVERSITY HOSPITALS SAMARITAN MEDICAL CENTER,OH,94.0,89.0
360003,"UNIVERSITY OF CINCINNATI MEDICAL CENTER, LLC",OH,90.0,89.0
360006,RIVERSIDE METHODIST HOSPITAL,OH,92.0,91.0
360008,SOUTHERN OHIO MEDICAL CENTER,OH,94.0,91.0
360009,LIMA MEMORIAL HEALTH SYSTEM,OH,90.0,89.0
360010,UNION HOSPITAL,OH,92.0,91.0
360011,MARION GENERAL HOSPITAL,OH,92.0,90.0
360012,MOUNT CARMEL ST ANN'S,OH,90.0,90.0
360013,WILSON MEMORIAL HOSPITAL,OH,91.0,90.0
360014,OHIOHEALTH O'BLENESS HOSPITAL,OH,93.0,92.0
360016,THE JEWISH HOSPITAL-MERCY HEALTH,OH,92.0,90.0
360017,GRANT MEDICAL CENTER,OH,89.0,90.0
36001F,LOUIS STOKES CLEVELAND VA MEDICAL CENTER,OH,93.0,93.0
360020,SUMMA HEALTH SYSTEM,OH,91.0,90.0
360025,FIRELANDS REGIONAL MEDICAL CENTER,OH,93.0,91.0
360026,KETTERING HEALTH GREENE MEMORIAL,OH,95.0,93.0
360027,AKRON GENERAL MEDICAL CENTER,OH,91.0,90.0
360029,WOOD COUNTY HOSPITAL,OH,93.0,93.0
360032,GRAND LAKE HEALTH SYSTEM,OH,93.0,90.0
360035,MOUNT CARMEL EAST & WEST,OH,89.0,90.0
360036,WOOSTER COMMUNITY HOSPITAL,OH,94.0,92.0
360039,GENESIS HOSPITAL,OH,93.0,92.0
36003F,CINCINNATI VA MEDICAL CENTER,OH,94.0,93.0
360040,KNOX COMMUNITY HOSPITAL,OH,91.0,88.0
360041,PARMA COMMUNITY GENERAL HOSPITAL,OH,92.0,91.0
360046,MCCULLOUGH-HYDE MEMORIAL HOSPITAL,OH,94.0,93.0
360048,UNIVERSITY OF TOLEDO MEDICAL CENTER,OH,91.0,88.0
360051,MIAMI VALLEY HOSPITAL,OH,86.0,85.0
360054,HOLZER MEDICAL CENTER,OH,94.0,92.0
360055,INSIGHT HOSPITAL AND MEDICAL CENTER TRUMBULL,OH,88.0,88.0
360056,MERCY HEALTH - FAIRFIELD HOSPITAL,OH,91.0,89.0
360058,MERCER COUNTY JOINT TOWNSHIP COMMUNITY HOSPITAL,OH,94.0,92.0
360059,METROHEALTH SYSTEM,OH,91.0,90.0
360064,ST ELIZABETH YOUNGSTOWN HOSPITAL,OH,91.0,89.0
360065,FISHER-TITUS HOSPITAL,OH,91.0,91.0
360066,MERCY HEALTH-ST RITA'S MEDICAL CENTER,OH,92.0,89.0
360068,PROMEDICA TOLEDO HOSPITAL,OH,91.0,89.0
36006F,88th Medical Group (Wright-Patterson AFB),OH,96.0,95.0
360070,MERCY MEDICAL CENTER,OH,90.0,89.0
360071,VAN WERT COUNTY HOSPITAL,OH,95.0,93.0
360072,FAIRFIELD MEDICAL CENTER,OH,92.0,91.0
360075,UH REGIONAL HOSPITALS,OH,94.0,92.0
360076,ATRIUM MEDICAL CENTER,OH,89.0,89.0
360077,FAIRVIEW HOSPITAL,OH,92.0,91.0
360078,UNIVERSITY HOSPITALS PORTAGE MEDICAL CENTER,OH,92.0,91.0
360079,KETTERING HEALTH MAIN CAMPUS,OH,91.0,90.0
36007F,DAYTON VA MEDICAL CENTER,OH,92.0,91.0
360080,EAST OHIO REGIONAL HOSPITAL,OH,93.0,91.0
360082,EUCLID HOSPITAL,OH,92.0,90.0
360084,AULTMAN HOSPITAL,OH,90.0,88.0
360085,OHIO STATE UNIVERSITY STATE HEALTH SYSTEM,OH,91.0,91.0
360086,SPRINGFIELD REGIONAL MEDICAL CENTER,OH,89.0,87.0
360087,LUTHERAN HOSPITAL,OH,89.0,88.0
360089,MERCY HEALTH - TIFFIN HOSPITAL,OH,94.0,93.0
360091,MEDINA HOSPITAL,OH,92.0,91.0
360092,MEMORIAL HOSPITAL,OH,95.0,94.0
360095,BLANCHARD VALLEY HOSPITAL,OH,93.0,93.0
360096,EAST LIVERPOOL CITY HOSPITAL,OH,91.0,89.0
360098,LAKE HEALTH,OH,92.0,90.0
360107,BELLEVUE HOSPITAL,OH,94.0,94.0
360109,COSHOCTON REGIONAL MEDICAL CENTER,OH,92.0,89.0
360112,MERCY ST VINCENT MEDICAL CENTER,OH,92.0,89.0
360118,OHIOHEALTH MANSFIELD HOSPITAL,OH,91.0,91.0
360121,COMMUNITY HOSPITALS AND WELLNESS CENTERS,OH,94.0,90.0
360123,UH ST JOHN MEDICAL CENTER,OH,92.0,91.0
360125,ASHTABULA COUNTY MEDICAL CENTER,OH,94.0,93.0
360131,ALLIANCE COMMUNITY HOSPITAL,OH,92.0,89.0
360132,FORT HAMILTON HUGHES MEMORIAL HOSPITAL,OH,92.0,90.0
360133,KETTERING HEALTH DAYTON,OH,90.0,90.0
360134,GOOD SAMARITAN HOSPITAL,OH,91.0,91.0
360137,UH CLEVELAND MEDICAL CENTER,OH,90.0,90.0
360143,MARYMOUNT HOSPITAL,OH,91.0,93.0
360144,SOUTH POINTE HOSPITAL,OH,91.0,89.0
360145,UNIVERSITY HOSPITALS - ELYRIA MEDICAL CENTER,OH,92.0,90.0
360147,MARIETTA MEMORIAL HOSPITAL,OH,92.0,90.0
360148,POMERENE HOSPITAL,OH,94.0,93.0
360150,SUMMA WESTERN RESERVE HOSPITAL,OH,93.0,91.0
360152,DOCTORS HOSPITAL,OH,90.0,90.0
360155,SOUTHWEST GENERAL HEALTH CENTER,OH,91.0,90.0
360156,MEMORIAL HOSPITAL,OH,92.0,91.0
360159,ADENA REGIONAL MEDICAL CENTER,OH,90.0,89.0
360161,MH ST JOSEPH WARREN HOSPITAL,OH,88.0,89.0
360163,CHRIST HOSPITAL,OH,93.0,93.0
360170,BERGER HOSPITAL,OH,94.0,93.0
360172,MERCY REGIONAL MEDICAL CENTER,OH,90.0,91.0
360174,UPPER VALLEY MEDICAL CENTER,OH,91.0,89.0
360175,CLINTON MEMORIAL HOSPITAL,OH,91.0,89.0
360179,BETHESDA NORTH,OH,91.0,91.0
360180,CLEVELAND CLINIC,OH,91.0,92.0
360185,SALEM REGIONAL MEDICAL CENTER,OH,90.0,89.0
360189,MADISON HEALTH,OH,96.0,93.0
360197,MARY RUTAN HOSPITAL,OH,94.0,93.0
360203,SOUTHEASTERN OHIO REGIONAL MEDICAL CENTER,OH,92.0,90.0
360210,GRADY MEMORIAL HOSPITAL,OH,94.0,92.0
360211,TRINITY MEDICAL CTR EAST &TRINITY MEDICAL CTR WEST,OH,90.0,90.0
360218,LICKING MEMORIAL HOSPITAL,OH,92.0,89.0
360230,HILLCREST HOSPITAL,OH,90.0,90.0
360234,MERCY HEALTH - WEST HOSPITAL,OH,93.0,91.0
360236,MERCY HEALTH - CLERMONT HOSPITAL,OH,90.0,90.0
360239,KETTERING HEALTH MIAMISBURG,OH,92.0,92.0
360259,BAY PARK COMMUNITY HOSPITAL,OH,91.0,87.0
360263,INSTITUTE FOR ORTHOPAEDIC SURGERY,OH,94.0,92.0
360266,MOUNT CARMEL NEW ALBANY SURGICAL HOSPITAL,OH,92.0,93.0
360270,MERCY HEALTH - DEFIANCE HOSPITAL,OH,95.0,95.0
360276,HMHP ST ELIZABETH BOARDMAN HEALTH CENTER,OH,92.0,89.0
360348,DUBLIN METHODIST HOSPITAL,OH,93.0,92.0
360351,CRYSTAL CLINIC ORTHOPAEDIC CENTER,OH,96.0,94.0
360352,SURGICAL HOSPITAL AT SOUTHWOODS,OH,97.0,95.0
360354,WEST CHESTER HOSPITAL,OH,90.0,90.0
360359,UNIVERSITY HOSPITALS AHUJA MEDICAL CENTER,OH,89.0,89.0
360360,SOIN MEDICAL CENTER,OH,92.0,91.0
360364,CLEVELAND CLINIC AVON HOSPITAL,OH,93.0,92.0
360365,AVITA ONTARIO,OH,94.0,92.0
360368,KETTERING HEALTH TROY,OH,95.0,94.0
361303,LODI COMMUNITY HOSPITAL,OH,93.0,86.0
361306,MERCY ALLEN HOSPITAL,OH,97.0,97.0
361307,UHHS MEMORIAL HOSPITAL OF GENEVA,OH,96.0,93.0
361308,UNIVERSITY HOSPITALS CONNEAUT MEDICAL CENTER,OH,95.0,92.0
361314,MAGRUDER HOSPITAL,OH,94.0,93.0
361318,FOSTORIA COMMUNITY HOSPITAL,OH,91.0,91.0
361319,SELBY GENERAL HOSPITAL,OH,94.0,93.0
361323,AULTMAN ORRVILLE HOSPITAL,OH,92.0,93.0
361325,GALION COMMUNITY HOSPITAL,OH,94.0,91.0
361328,PROMEDICA DEFIANCE REGIONAL HOSPITAL,OH,96.0,94.0
361329,WYANDOT MEMORIAL HOSPITAL,OH,94.0,93.0
361330,HOCKING VALLEY COMMUNITY HOSPITAL,OH,97.0,95.0
361331,ADENA FAYETTE MEDICAL CENTER,OH,91.0,89.0
361332,HIGHLAND DISTRICT HOSPITAL,OH,94.0,93.0
361333,FULTON COUNTY HEALTH CENTER,OH,92.0,92.0
361335,WAYNE HOSPITAL,OH,92.0,90.0
370001,HILLCREST MEDICAL CENTER,OK,90.0,88.0
370002,ALLIANCEHEALTH WOODWARD,OK,92.0,89.0
370004,INTEGRIS MIAMI HOSPITAL,OK,94.0,94.0
370006,INTEGRIS HEALTH PONCA CITY,OK,90.0,90.0
370008,NORMAN REGIONAL,OK,90.0,91.0
370013,"MERCY HOSPITAL OKLAHOMA CITY, INC",OK,91.0,92.0
370014,ALLIANCEHEALTH DURANT,OK,89.0,87.0
370016,INTEGRIS HEALTH ENID HOSPITAL,OK,91.0,91.0
370018,ASCENSION ST JOHN JANE PHILLIPS,OK,91.0,92.0
370019,GREAT PLAINS REGIONAL MEDICAL CENTER,OK,91.0,91.0
370020,MERCY HOSPITAL ADA,OK,92.0,90.0
370022,JACKSON COUNTY MEMORIAL HOSPITAL AUTHORITY,OK,93.0,92.0
370023,"DUNCAN REGIONAL HOSPITAL, INC",OK,91.0,92.0
370025,SAINT FRANCIS HOSPITAL MUSKOGEE,OK,91.0,90.0
370026,ST MARY'S REGIONAL MEDICAL CENTER,OK,92.0,91.0
370028,"INTEGRIS BAPTIST MEDICAL CENTER, INC",OK,90.0,91.0
370034,MCALESTER REGIONAL HEALTH CENTER,OK,90.0,90.0
370037,SSM HEALTH ST ANTHONY HOSPITAL - OKLAHOMA CITY,OK,91.0,92.0
370039,HILLCREST HOSPITAL CLAREMORE,OK,91.0,89.0
370047,"MERCY HOSPITAL ARDMORE, INC",OK,93.0,92.0
370049,STILLWATER MEDICAL CENTER,OK,92.0,93.0
370054,GRADY MEMORIAL HOSPITAL,OK,93.0,91.0
370056,COMANCHE COUNTY MEMORIAL HOSPITAL,OK,87.0,88.0
370078,OKLAHOMA STATE UNIVERSITY MEDICAL CENTER,OK,90.0,91.0
370089,NORTHEASTERN HEALTH SYSTEM,OK,90.0,89.0
370091,"SAINT FRANCIS HOSPITAL, INC",OK,92.0,90.0
370093,O U MEDICAL CENTER,OK,87.0,88.0
370094,SSM HEALTH ST ANTHONY HOSPITAL - MIDWEST,OK,88.0,88.0
370097,SOUTHWESTERN MEDICAL CENTER,OK,87.0,86.0
370106,INTEGRIS SOUTHWEST MEDICAL CENTER,OK,90.0,91.0
370113,INTEGRIS GROVE HOSPITAL,OK,94.0,93.0
370114,ASCENSION ST JOHN MEDICAL CENTER,OK,87.0,87.0
37012F,MUSKOGEE VA MEDICAL CENTER,OK,92.0,94.0
370149,SSM HEALTH ST ANTHONY HOSPITAL - SHAWNEE,OK,93.0,93.0
37014F,OKLAHOMA CITY VA MEDICAL CENTER,OK,91.0,90.0
370171,CHEROKEE NATION W W HASTINGS INDIAN HOSPITAL,OK,92.0,91.0
370173,CLAREMORE INDIAN HOSPITAL,OK,96.0,93.0
370180,CHICKASAW NATION MEDICAL CENTER,OK,95.0,93.0
370199,"LAKESIDE WOMEN'S HOSPITAL, A MEMBER OF INTEGRIS HE",OK,93.0,92.0
370202,HILLCREST HOSPITAL SOUTH,OK,89.0,89.0
370203,"COMMUNITY HOSPITAL, LLC",OK,91.0,92.0
370206,OKLAHOMA SPINE HOSPITAL,OK,93.0,93.0
370210,"OKLAHOMA SURGICAL HOSPITAL, LLC",OK,92.0,92.0
370211,INTEGRIS CANADIAN VALLEY HOSPITAL,OK,91.0,90.0
370215,"OKLAHOMA HEART HOSPITAL, LLC",OK,95.0,95.0
370216,TULSA SPINE & SPECIALTY HOSPITAL,OK,97.0,95.0
370218,"SAINT FRANCIS HOSPITAL SOUTH, LLC",OK,92.0,90.0
370222,MCBRIDE ORTHOPEDIC HOSPITAL,OK,93.0,94.0
370227,ST JOHN OWASSO,OK,91.0,91.0
370228,"BAILEY MEDICAL CENTER, LLC",OK,94.0,95.0
370234,"OKLAHOMA HEART HOSPITAL SOUTH, LLC",OK,95.0,93.0
370235,ASCENSION ST JOHN BROKEN ARROW,OK,92.0,94.0
370236,INTEGRIS HEALTH EDMOND HOSPITAL,OK,91.0,91.0
370237,"SAINT FRANCIS HOSPITAL VINITA, INC",OK,92.0,93.0
380001,MID-COLUMBIA MEDICAL CENTER,OR,93.0,93.0
380002,ASANTE THREE RIVERS MEDICAL CENTER,OR,92.0,90.0
380004,PROVIDENCE ST VINCENT MEDICAL CENTER,OR,91.0,92.0
380005,ASANTE ASHLAND COMMUNITY HOSPITAL,OR,92.0,91.0
380007,LEGACY EMANUEL MEDICAL CENTER,OR,91.0,90.0
380009,OHSU HOSPITAL AND CLINICS,OR,93.0,92.0
380014,GOOD SAMARITAN REGIONAL MEDICAL CENTER,OR,93.0,91.0
380017,LEGACY GOOD SAMARITAN MEDICAL CENTER,OR,91.0,92.0
380018,ASANTE ROGUE REGIONAL MEDICAL CENTER,OR,92.0,91.0
380020,MCKENZIE-WILLAMETTE MEDICAL CENTER,OR,92.0,90.0
380021,HILLSBORO MEDICAL CENTER,OR,89.0,91.0
380022,SAMARITAN ALBANY GENERAL HOSPITAL,OR,94.0,95.0
380025,LEGACY MOUNT HOOD MEDICAL CENTER,OR,91.0,91.0
380027,MERCY MEDICAL CENTER,OR,92.0,90.0
380029,LEGACY SILVERTON MEDICAL CENTER,OR,92.0,92.0
380037,PROVIDENCE NEWBERG MEDICAL CENTER,OR,92.0,94.0
380038,PROVIDENCE WILLAMETTE FALLS MEDICAL CENTER,OR,91.0,92.0
38003F,PORTLAND VA MEDICAL CENTER,OR,94.0,93.0
380047,ST CHARLES MEDICAL CENTER - BEND,OR,93.0,92.0
380050,SKY LAKES MEDICAL CENTER,OR,92.0,90.0
380051,SALEM HOSPITAL,OR,91.0,90.0
380052,SAINT ALPHONSUS MEDICAL CENTER ONTARIO,OR,92.0,92.0
380056,SANTIAM HOSPITAL & CLINICS,OR,93.0,95.0
380060,ADVENTIST HEALTH PORTLAND,OR,91.0,91.0
380061,PROVIDENCE PORTLAND MEDICAL CENTER,OR,92.0,92.0
380071,WILLAMETTE VALLEY MEDICAL CENTER,OR,91.0,92.0
380075,PROVIDENCE MEDFORD MEDICAL CENTER,OR,91.0,91.0
380082,PROVIDENCE MILWAUKIE HOSPITAL,OR,90.0,92.0
380089,LEGACY MERIDIAN PARK MEDICAL CENTER,OR,91.0,91.0
380090,BAY AREA HOSPITAL,OR,91.0,89.0
380091,KAISER SUNNYSIDE MEDICAL CENTER,OR,91.0,92.0
380102,SACRED HEART MEDICAL CENTER - RIVERBEND,OR,91.0,90.0
380103,KAISER FOUNDATION HOSPITAL WESTSIDE,OR,92.0,93.0
381302,SAMARITAN NORTH LINCOLN HOSPITAL,OR,95.0,92.0
381303,PROVIDENCE SEASIDE HOSPITAL,OR,93.0,93.0
381314,SAMARITAN PACIFIC COMMUNITY HOSPITAL,OR,94.0,91.0
381316,PEACE HARBOR MEDICAL CENTER,OR,95.0,96.0
381317,ADVENTIST HEALTH TILLAMOOK,OR,92.0,89.0
381318,PROVIDENCE HOOD RIVER MEMORIAL HOSPITAL,OR,94.0,94.0
381319,ST ANTHONY HOSPITAL,OR,95.0,94.0
381320,COLUMBIA MEMORIAL HOSPITAL,OR,94.0,92.0
381321,GRANDE RONDE HOSPITAL,OR,95.0,94.0
381323,SAMARITAN LEBANON COMMUNITY HOSPITAL,OR,94.0,94.0
381325,GOOD SHEPHERD MEDICAL CENTER,OR,92.0,93.0
390001,GEISINGER-COMMUNITY MEDICAL CENTER,PA,91.0,89.0
390002,UPMC MCKEESPORT HOSPITAL,PA,90.0,89.0
390003,GEISINGER-BLOOMSBURG HOSPITAL,PA,94.0,93.0
390004,PENN STATE HEALTH HOLY SPIRIT MEDICAL CENTER,PA,89.0,86.0
390006,GEISINGER MEDICAL CENTER,PA,93.0,91.0
390009,SAINT VINCENT HOSPITAL,PA,91.0,91.0
390012,JEFFERSON LANSDALE HOSPITAL,PA,90.0,89.0
390013,WELLSPAN EVANGELICAL COMMUNITY HOSPITAL,PA,93.0,92.0
390016,UPMC JAMESON,PA,91.0,91.0
39001F,JAMES E. VAN ZANDT VA MEDICAL CENTER (ALTOONA),PA,97.0,93.0
390026,TEMPLE HEALTH - CHESTNUT HILL HOSPITAL,PA,87.0,90.0
390027,TEMPLE UNIVERSITY HOSPITAL,PA,89.0,91.0
390028,UPMC MERCY,PA,92.0,90.0
390030,SCHUYLKILL MEDICAL CENTER - SOUTH JACKSON STREET,PA,94.0,92.0
390032,ALLEGHENY VALLEY HOSPITAL,PA,92.0,92.0
390035,ST LUKE'S HOSPITAL - UPPER BUCKS CAMPUS,PA,94.0,91.0
390036,HERITAGE VALLEY BEAVER,PA,91.0,89.0
390037,HERITAGE VALLEY SEWICKLEY,PA,93.0,92.0
390039,UPMC SOMERSET,PA,93.0,90.0
390041,UNIONTOWN HOSPITAL,PA,92.0,91.0
390042,"WASHINGTON HOSPITAL, THE",PA,93.0,91.0
390044,READING HOSPITAL,PA,91.0,89.0
390045,UPMC WILLIAMSPORT,PA,93.0,92.0
390046,WELLSPAN YORK HOSPITAL,PA,91.0,89.0
390048,GEISINGER-LEWISTOWN HOSPITAL,PA,94.0,91.0
390049,ST LUKES HOSPITAL BETHLEHEM,PA,93.0,92.0
390050,ALLEGHENY GENERAL HOSPITAL,PA,91.0,90.0
390056,PENN HIGHLANDS HUNTINGDON,PA,90.0,91.0
390057,ST LUKE'S HOSPITAL - GRAND VIEW CAMPUS,PA,93.0,90.0
390058,UPMC CARLISLE,PA,92.0,89.0
390062,CONEMAUGH NASON MEDICAL CENTER,PA,94.0,93.0
390063,UPMC HAMOT,PA,92.0,90.0
390065,GETTYSBURG HOSPITAL,PA,92.0,90.0
390066,WELLSPAN GOOD SAMARITAN HOSPITAL,PA,91.0,90.0
390067,UPMC PINNACLE HOSPITALS,PA,93.0,91.0
390068,UPMC LITITZ,PA,92.0,91.0
39006F,LEBANON VA MEDICAL CENTER,PA,97.0,96.0
390070,LOWER BUCKS HOSPITAL,PA,86.0,82.0
390073,UPMC ALTOONA,PA,90.0,89.0
390079,ROBERT PACKER HOSPITAL,PA,92.0,91.0
390086,PENN HIGHLANDS DUBOIS,PA,89.0,88.0
390090,WEST PENN HOSPITAL,PA,94.0,91.0
390091,UPMC NORTHWEST,PA,92.0,91.0
390093,CLARION HOSPITAL,PA,93.0,94.0
390096,PENN STATE HEALTH ST. JOSEPH,PA,91.0,90.0
390097,HOLY REDEEMER HOSPITAL AND MEDICAL CENTER,PA,89.0,87.0
39009F,PHILADELPHIA VA MEDICAL CENTER,PA,90.0,92.0
390100,LANCASTER GENERAL HOSPITAL,PA,93.0,92.0
390101,UPMC MEMORIAL,PA,91.0,90.0
390102,UPMC ST MARGARET,PA,92.0,93.0
390107,UPMC PASSAVANT,PA,94.0,92.0
390110,CONEMAUGH MEMORIAL MEDICAL CENTER,PA,90.0,88.0
390111,HOSPITAL OF UNIV OF PENNSYLVANIA,PA,94.0,93.0
390112,CHAN SOON- SHIONG MEDICAL CENTER AT WINDBER,PA,94.0,90.0
390113,MEADVILLE MEDICAL CENTER,PA,93.0,92.0
390114,MAGEE WOMENS HOSPITAL OF UPMC HEALTH SYSTEM,PA,93.0,91.0
390115,JEFFERSON HEALTH- NORTHEAST,PA,90.0,89.0
390116,SUBURBAN COMMUNITY HOSPITAL,PA,92.0,93.0
390117,UPMC BEDFORD MEMORIAL,PA,95.0,89.0
390123,POTTSTOWN HOSPITAL,PA,90.0,88.0
390125,WAYNE MEMORIAL HOSPITAL,PA,90.0,90.0
390127,PHOENIXVILLE HOSPITAL,PA,93.0,90.0
39012F,VA PITTSBURGH HEALTHCARE SYSTEM - UNIV DR,PA,94.0,93.0
390133,LEHIGH VALLEY HOSPITAL,PA,90.0,89.0
390137,WILKES-BARRE GENERAL HOSPITAL,PA,90.0,89.0
390138,WELLSPAN WAYNESBORO HOSPITAL,PA,95.0,92.0
390139,BRYN MAWR HOSPITAL,PA,93.0,92.0
39013F,WILKES BARRE VA MEDICAL CENTER,PA,94.0,92.0
390142,JEFFERSON EINSTEIN PHILADELPHIA HOSPITAL,PA,90.0,90.0
390145,EXCELA HEALTH WESTMORELAND REGIONAL HOSPITAL,PA,89.0,89.0
390146,WARREN GENERAL HOSPITAL,PA,94.0,91.0
390147,PENN HIGHLANDS MON VALLEY,PA,88.0,89.0
390151,WELLSPAN CHAMBERSBURG HOSPITAL,PA,92.0,90.0
390153,PAOLI HOSPITAL,PA,93.0,91.0
390156,MERCY CATHOLIC MEDICAL CENTER- MERCY FITZGERALD,PA,88.0,89.0
390160,CANONSBURG GENERAL HOSPITAL,PA,94.0,93.0
390162,ST LUKE'S HOSPITAL - EASTON CAMPUS,PA,94.0,93.0
390163,ACMH HOSPITAL,PA,91.0,91.0
390164,UPMC PRESBYTERIAN SHADYSIDE,PA,92.0,91.0
390168,INDEPENDENCE HEALTH SYSTEM BUTLER MEMORIAL HOSPITA,PA,93.0,92.0
390173,INDIANA REGIONAL MEDICAL CENTER,PA,90.0,88.0
390174,THOMAS JEFFERSON UNIVERSITY HOSPITAL,PA,91.0,90.0
390178,UPMC HORIZON,PA,92.0,91.0
390179,CHESTER COUNTY HOSPITAL,PA,94.0,92.0
390180,CROZER CHESTER MEDICAL CENTER,PA,89.0,86.0
390183,ST LUKE'S MINERS MEMORIAL HOSPITAL,PA,94.0,94.0
390185,LEHIGH VALLEY HOSPITAL - HAZLETON,PA,90.0,88.0
390195,MAIN LINE HOSPITAL LANKENAU,PA,93.0,91.0
390199,PUNXSUTAWNEY AREA HOSPITAL,PA,94.0,95.0
390201,LEHIGH VALLEY HOSPITAL - POCONO,PA,91.0,90.0
390203,DOYLESTOWN HOSPITAL,PA,94.0,92.0
390204,NAZARETH HOSPITAL,PA,88.0,87.0
390217,EXCELA HEALTH - FRICK HOSPITAL,PA,92.0,90.0
390219,EXCELA HEALTH LATROBE HOSPITAL,PA,92.0,91.0
390222,RIDDLE MEMORIAL HOSPITAL,PA,92.0,91.0
390223,PENN PRESBYTERIAN MEDICAL CENTER,PA,93.0,91.0
390225,WELLSPAN EPHRATA COMMUNITY HOSPITAL,PA,91.0,91.0
390226,PENNSYLVANIA HOSPITAL,PA,91.0,92.0
390228,ST CLAIR HOSPITAL,PA,93.0,94.0
390231,JEFFERSON ABINGTON HOSPITAL,PA,90.0,87.0
390233,UPMC HANOVER,PA,93.0,91.0
390237,REGIONAL HOSPITAL OF SCRANTON,PA,91.0,91.0
390256,MILTON S HERSHEY MEDICAL CENTER,PA,92.0,91.0
390258,ST MARY MEDICAL CENTER,PA,91.0,89.0
390265,JEFFERSON HOSPITAL,PA,93.0,92.0
390266,GROVE CITY MEDICAL CENTER,PA,92.0,88.0
390267,FORBES HOSPITAL,PA,91.0,92.0
390268,MOUNT NITTANY MEDICAL CENTER,PA,94.0,93.0
390270,GEISINGER WYOMING VALLEY MEDICAL CENTER,PA,90.0,89.0
390304,ROXBOROUGH MEMORIAL HOSPITAL,PA,87.0,89.0
390316,SURGICAL INSTITUTE OF READING,PA,98.0,96.0
390322,ROTHMAN ORTHOPAEDIC SPECIALTY HOSPITAL,PA,96.0,94.0
390323,ADVANCED SURGICAL HOSPITAL,PA,98.0,96.0
390324,PHYSICIANS CARE SURGICAL HOSPITAL,PA,98.0,96.0
390325,OSS ORTHOPAEDIC HOSPITAL,PA,97.0,94.0
390326,ST LUKE'S HOSPITAL - ANDERSON CAMPUS,PA,92.0,92.0
390327,WELLSPAN SURGERY AND REHABILITATION HOSPITAL,PA,96.0,92.0
390328,UPMC EAST,PA,93.0,90.0
390329,JEFFERSON EINSTEIN MONTGOMERY HOSPITAL,PA,90.0,88.0
390330,ST LUKE'S HOSPITAL - MONROE CAMPUS,PA,91.0,92.0
390332,GEISINGER ST. LUKE'S  HOSPITAL,PA,95.0,95.0
390333,"AHN EMERUS WESTMORELAND, LLC",PA,98.0,97.0
390334,AHN WEXFORD HOSPITAL,PA,94.0,93.0
390335,ST LUKE'S HOSPITAL - CARBON CAMPUS,PA,95.0,94.0
390336,PENN STATE HEALTH HAMPDEN MEDICAL CENTER,PA,92.0,89.0
390337,GEISINGER MEDICAL CENTER MUNCY,PA,97.0,95.0
390338,LEHIGH VALLEY HOSPITAL - DICKSON CITY,PA,94.0,93.0
390339,PENN STATE HEALTH LANCASTER MEDICAL CENTER,PA,92.0,90.0
391300,GEISINGER JERSEY SHORE HOSPITAL,PA,95.0,93.0
391301,UPMC MUNCY,PA,96.0,95.0
391307,PENN HIGHLANDS TYRONE,PA,95.0,94.0
391312,PENN HIGHLANDS BROOKVILLE,PA,94.0,91.0
391313,UPMC COLE,PA,93.0,91.0
391314,TITUSVILLE AREA HOSPITAL,PA,96.0,93.0
391315,PENN HIGHLANDS ELK,PA,95.0,92.0
391316,UPMC WELLSBORO,PA,94.0,95.0
391317,CONEMAUGH MINERS MEDICAL CENTER,PA,97.0,97.0
400006,DOCTOR'S CENTER DE SAN JUAN,PR,89.0,89.0
400022,HOSPITAL DAMAS INC,PR,88.0,90.0
400032,BAYAMON MEDICAL CENTER,PR,84.0,88.0
40003F,SAN JUAN VA MEDICAL CENTER,PR,92.0,95.0
400102,DOCTORS' CENTER BAYAMON,PR,85.0,88.0
400103,MAYAGUEZ MEDICAL CENTER DR RAMON EMETERIO BETANCES,PR,84.0,86.0
400114,MANATI MEDICAL CENTER DR OTERO LOPEZ,PR,85.0,89.0
400118,"DOCTORS' CENTER HOSPITAL, INC",PR,88.0,90.0
400132,DOCTORS CENTER HOSPITAL  CAROLINA LLC,PR,84.0,87.0
400137,DOCTORS CENTER HOSPITAL ORLANDO HEALTH DORADO,PR,91.0,91.0
410004,ROGER WILLIAMS MEDICAL CENTER,RI,88.0,90.0
410005,OUR LADY OF FATIMA HOSPITAL,RI,93.0,90.0
410006,NEWPORT HOSPITAL,RI,93.0,91.0
410007,RHODE ISLAND HOSPITAL,RI,91.0,90.0
410008,SOUTH COUNTY HOSPITAL INC,RI,94.0,93.0
410009,KENT COUNTY MEMORIAL HOSPITAL,RI,91.0,92.0
410010,WOMEN & INFANTS HOSPITAL OF RHODE ISLAND,RI,92.0,92.0
410011,LANDMARK MEDICAL CENTER,RI,89.0,89.0
410012,THE MIRIAM HOSPITAL,RI,91.0,92.0
410013,WESTERLY HOSPITAL,RI,94.0,93.0
41005F,PROVIDENCE VA MEDICAL CENTER,RI,94.0,93.0
420002,PIEDMONT MEDICAL CENTER,SC,85.0,87.0
420004,MUSC MEDICAL CENTER,SC,91.0,91.0
420005,MCLEOD MEDICAL CENTER - DILLON,SC,96.0,95.0
420007,SPARTANBURG MEDICAL CENTER,SC,92.0,90.0
420009,PRISMA HEALTH OCONEE MEMORIAL HOSPITAL,SC,92.0,92.0
420010,CAROLINA PINES REGIONAL MEDICAL CENTER,SC,93.0,92.0
420015,PRISMA HEALTH BAPTIST EASLEY HOSPITAL,SC,90.0,91.0
420018,PRISMA HEALTH RICHLAND HOSPITAL,SC,89.0,90.0
420020,TIDELANDS GEORGETOWN MEMORIAL HOSPITAL,SC,89.0,91.0
420023,ST FRANCIS-DOWNTOWN,SC,92.0,92.0
420026,MUSC HEALTH COLUMBIA MEDICAL CENTER DOWNTOWN,SC,90.0,92.0
420027,ANMED HEALTH,SC,94.0,93.0
420030,COLLETON MEDICAL CENTER,SC,91.0,90.0
420033,PRISMA HEALTH GREER MEMORIAL HOSPITAL,SC,93.0,93.0
420036,MUSC HEALTH LANCASTER MEDICAL CENTER,SC,90.0,89.0
420037,PRISMA HEALTH HILLCREST HOSPITAL,SC,93.0,93.0
420038,PRISMA HEALTH LAURENS COUNTY HOSPITAL,SC,92.0,94.0
420043,CHEROKEE MEDICAL CENTER,SC,94.0,93.0
420048,KERSHAWHEALTH,SC,88.0,90.0
420049,CONWAY MEDICAL CENTER,SC,91.0,92.0
420051,MCLEOD REGIONAL MEDICAL CENTER-PEE DEE,SC,91.0,91.0
420053,NEWBERRY COUNTY MEMORIAL HOSPITAL,SC,92.0,93.0
420055,MUSC HEALTH MARION MEDICAL CENTER,SC,94.0,92.0
420065,BON SECOURS-ST FRANCIS XAVIER HOSPITAL,SC,93.0,93.0
420067,BEAUFORT COUNTY MEMORIAL HOSPITAL,SC,90.0,90.0
420070,PRISMA HEALTH TUOMEY HOSPITAL,SC,91.0,91.0
420071,SELF REGIONAL HEALTHCARE,SC,93.0,93.0
420073,LEXINGTON MEDICAL CENTER,SC,93.0,92.0
420078,PRISMA HEALTH GREENVILLE MEMORIAL HOSPITAL,SC,91.0,91.0
420079,TRIDENT MEDICAL CENTER,SC,90.0,90.0
420080,HILTON HEAD REGIONAL MEDICAL CENTER,SC,88.0,89.0
420082,AIKEN REGIONAL MEDICAL CENTER,SC,90.0,88.0
420085,GRAND STRAND REGIONAL MEDICAL CENTER,SC,89.0,87.0
420086,PRISMA HEALTH BAPTIST,SC,91.0,92.0
420087,ROPER HOSPITAL,SC,94.0,94.0
420089,EAST COOPER MEDICAL CENTER,SC,94.0,92.0
420091,MUSC HEALTH FLORENCE MEDICAL CENTER,SC,92.0,91.0
420098,TIDELANDS WACCAMAW COMMUNITY HOSPITAL,SC,91.0,92.0
420101,COASTAL CAROLINA HOSPITAL,SC,90.0,91.0
420102,PRISMA HEALTH  PATEWOOD HOSPITAL,SC,91.0,91.0
420103,PELHAM MEDICAL CENTER,SC,95.0,94.0
420104,MOUNT PLEASANT HOSPITAL,SC,95.0,94.0
420105,MCLEOD LORIS  HOSPITAL,SC,93.0,92.0
420106,PRISMA HEALTH BAPTIST PARKRIDGE,SC,92.0,93.0
420107,MCLEOD HEALTH CHERAW,SC,91.0,94.0
420109,MCLEOD HEALTH CLARENDON,SC,93.0,95.0
420110,ROPER ST FRANCIS HOSPITAL-BERKELEY INC,SC,93.0,92.0
42011F,COLUMBIA SC VA MEDICAL CENTER,SC,93.0,94.0
42029F,CHARLESTON VA MEDICAL CENTER,SC,93.0,94.0
430005,"PRAIRIE LAKES HEALTHCARE SYSTEM, INC",SD,92.0,92.0
430008,BROOKINGS HEALTH SYSTEM,SD,94.0,93.0
430012,AVERA SACRED HEART HOSPITAL,SD,93.0,93.0
430014,AVERA ST LUKES,SD,93.0,93.0
430015,AVERA ST MARY'S HOSPITAL,SD,92.0,89.0
430016,AVERA MCKENNAN HOSPITAL & UNIVERSITY HEALTH CENTER,SD,92.0,91.0
430027,SANFORD USD MEDICAL CENTER,SD,91.0,90.0
43002F,VA BLACK HILLS HEALTHCARE SYSTEM,SD,96.0,96.0
430048,MONUMENT HEALTH SPEARFISH HOSPITAL,SD,92.0,92.0
43005F,SIOUX FALLS VA MEDICAL CENTER,SD,97.0,96.0
430077,MONUMENT HEALTH RAPID CITY HOSPITAL,SD,90.0,90.0
430089,DUNES SURGICAL HOSPITAL,SD,94.0,93.0
430090,SIOUX FALLS SPECIALTY HOSPITAL,SD,95.0,93.0
430091,BLACK HILLS SURGICAL HOSPITAL LLC,SD,96.0,95.0
430095,AVERA HEART HOSPITAL OF SOUTH DAKOTA,SD,96.0,94.0
430097,SANFORD MEDICAL CENTER ABERDEEN,SD,92.0,90.0
431335,HURON REGIONAL MEDICAL CENTER,SD,92.0,92.0
431340,AVERA QUEEN OF PEACE,SD,91.0,90.0
440002,JACKSON-MADISON COUNTY GENERAL HOSPITAL,TN,91.0,91.0
440003,HIGHPOINT HEALTH-SUMNER WITH ASCENSION SAINT THOMA,TN,88.0,88.0
440006,TRISTAR SKYLINE MEDICAL CENTER,TN,88.0,88.0
440007,UNITY MEDICAL CENTER,TN,100.0,100.0
440008,HENDERSON COUNTY COMMUNITY HOSPITAL,TN,94.0,93.0
440009,CUMBERLAND MEDICAL CENTER,TN,92.0,89.0
440011,BLOUNT MEMORIAL HOSPITAL,TN,92.0,92.0
440012,WELLMONT BRISTOL REGIONAL MEDICAL CENTER,TN,90.0,88.0
440015,"UNIVERSITY HEALTH SYSTEM, INC",TN,91.0,92.0
440016,BAPTIST MEMORIAL HOSPITAL - CARROLL COUNTY,TN,94.0,95.0
440017,WELLMONT HOLSTON VALLEY MEDICAL CENTER,TN,90.0,90.0
440018,SYCAMORE SHOALS HOSPITAL,TN,93.0,93.0
440020,SOUTHERN TENNESSEE REGIONAL HEALTH SYSTEM PULASKI,TN,89.0,89.0
440029,WILLIAMSON MEDICAL CENTER,TN,92.0,93.0
440030,MORRISTOWN HAMBLEN HOSPITAL ASSOCIATION,TN,91.0,90.0
440031,ROANE MEDICAL CENTER,TN,94.0,93.0
440033,LAFOLLETTE MEDICAL CENTER,TN,90.0,92.0
440034,METHODIST MEDICAL CENTER OF OAK RIDGE,TN,91.0,93.0
440035,TENNOVA HEALTHCARE-CLARKSVILLE,TN,89.0,87.0
440039,VANDERBILT UNIVERSITY MEDICAL CENTER,TN,92.0,92.0
440046,TRISTAR HORIZON MEDICAL CENTER,TN,92.0,91.0
440048,BAPTIST MEMORIAL HOSPITAL,TN,89.0,89.0
440049,METHODIST HOSPITALS OF MEMPHIS,TN,88.0,90.0
440050,GREENEVILLE COMMUNITY HOSPITAL,TN,91.0,91.0
440053,SAINT THOMAS RUTHERFORD HOSPITAL,TN,89.0,88.0
440056,TENNOVA HEALTHCARE-JEFFERSON MEMORIAL HOSPITAL,TN,90.0,88.0
440057,CLAIBORNE MEDICAL CENTER,TN,94.0,95.0
440058,SOUTHERN TENNESSEE REGIONAL HEALTH SYSTEM WINCHEST,TN,92.0,89.0
440059,COOKEVILLE REGIONAL MEDICAL CENTER,TN,92.0,89.0
440061,VOLUNTEER COMMUNITY HOSPITAL,TN,94.0,95.0
440063,JOHNSON CITY MEDICAL CENTER,TN,88.0,88.0
440065,TRISTAR NORTHCREST MEDICAL CENTER,TN,92.0,92.0
440068,STARR REGIONAL MEDICAL CENTER ATHENS,TN,92.0,92.0
440072,DYERSBURG REGIONAL MEDICAL CENTER,TN,92.0,92.0
440073,MAURY REGIONAL HOSPITAL,TN,93.0,92.0
440081,LECONTE MEDICAL CENTER,TN,93.0,92.0
440082,ASCENSION SAINT THOMAS HOSPITAL,TN,91.0,91.0
440084,SWEETWATER HOSPITAL ASSOCIATION,TN,90.0,92.0
440091,"MEMORIAL HEALTHCARE SYSTEM, INC",TN,93.0,93.0
440102,LINCOLN MEDICAL CENTER,TN,91.0,91.0
440104,ERLANGER MEDICAL CENTER,TN,88.0,90.0
440109,HARDIN MEDICAL CENTER,TN,93.0,95.0
440110,FORT LOUDOUN MEDICAL CENTER,TN,92.0,91.0
440120,PHYSICIANS REGIONAL MEDICAL CENTER,TN,90.0,90.0
440125,FORT SANDERS REGIONAL MEDICAL CENTER,TN,91.0,91.0
440130,BAPTIST MEMORIAL HOSPITAL UNION CITY,TN,93.0,92.0
440131,BAPTIST MEMORIAL HOSPITAL TIPTON,TN,95.0,93.0
440132,WEST TENNESSEE HEALTHCARE HENRY COUNTY HOSPITAL,TN,91.0,95.0
440137,VANDERBILT BEDFORD HOSPITAL,TN,93.0,91.0
44013F,MEMPHIS VA MEDICAL CENTER,TN,91.0,93.0
440144,VANDERBILT TULLAHOMA-HARTON HOSPITAL,TN,91.0,88.0
440150,TRISTAR SUMMIT MEDICAL CENTER,TN,89.0,88.0
440151,SAINT THOMAS RIVER PARK HOSPITAL,TN,91.0,89.0
440152,REGIONAL ONE HEALTH,TN,87.0,88.0
440153,TENNOVA HEALTHCARE - NEWPORT MEDICAL CENTER,TN,93.0,94.0
440156,PARKRIDGE MEDICAL CENTER,TN,91.0,89.0
440161,TRISTAR CENTENNIAL MEDICAL CENTER,TN,91.0,91.0
44016F,MOUNTAIN HOME VA MEDICAL CENTER,TN,95.0,94.0
440173,PARKWEST MEDICAL CENTER,TN,90.0,90.0
440175,SOUTHERN TENNESSEE REGIONAL HEALTH SYSTEM LAWRENCE,TN,92.0,90.0
440176,INDIAN PATH COMMUNITY HOSPITAL,TN,93.0,93.0
440183,ST FRANCIS HOSPITAL,TN,83.0,85.0
440184,FRANKLIN WOODS COMMUNITY HOSPITAL,TN,92.0,91.0
440185,AFFILIATE OF VITRUVIAN HEALTH,TN,89.0,88.0
440187,LIVINGSTON REGIONAL HOSPITAL,TN,93.0,94.0
44018F,VA MIDDLE TENNESSEE HEALTHCARE SYSTEM,TN,93.0,95.0
440193,VANDERBILT WILSON COUNTY HOSPITAL,TN,91.0,92.0
440194,TRISTAR HENDERSONVILLE MEDICAL CENTER,TN,89.0,89.0
440197,TRISTAR SOUTHERN HILLS MEDICAL CENTER,TN,88.0,90.0
440218,SAINT THOMAS HOSPITAL FOR SPINAL SURGERY,TN,95.0,95.0
440227,TRISTAR STONECREST MEDICAL CENTER,TN,91.0,90.0
440228,SAINT FRANCIS BARTLETT MEDICAL CENTER,TN,84.0,84.0
441307,HIGHPOINT HEALTH-RIVERVIEW WITH ASCENSION SAINT TH,TN,97.0,95.0
441310,RHEA MEDICAL CENTER,TN,93.0,88.0
450002,THE HOSPITALS OF PROVIDENCE - MEMORIAL CAMPUS,TX,83.0,84.0
450007,PETERSON REGIONAL MEDICAL CENTER,TX,93.0,91.0
450010,UNITED REGIONAL HEALTH CARE SYSTEM,TX,92.0,91.0
450011,CHI ST JOSEPH HEALTH REGIONAL HOSPITAL,TX,90.0,89.0
450015,PARKLAND HEALTH & HOSPITAL SYSTEM,TX,88.0,90.0
450018,UNIVERSITY OF TEXAS MEDICAL BRANCH GALVESTON,TX,91.0,89.0
450021,BAYLOR UNIVERSITY MEDICAL CENTER,TX,91.0,92.0
450023,CITIZENS MEDICAL CENTER,TX,92.0,91.0
450024,UNIVERSITY MEDICAL CENTER OF EL PASO,TX,89.0,89.0
450028,VALLEY BAPTIST MEDICAL CENTER- BROWNSVILLE,TX,84.0,84.0
450029,LAREDO MEDICAL CENTER,TX,89.0,89.0
450032,CHRISTUS GOOD SHEPHERD MEDICAL CENTER,TX,91.0,90.0
450033,VHS HARLINGEN HOSPITAL COMPANY LLC,TX,88.0,87.0
450034,CHRISTUS SOUTHEAST TEXAS- ST ELIZABETH,TX,90.0,89.0
450035,ST JOSEPH MEDICAL CENTER,TX,86.0,86.0
450039,JPS HEALTH NETWORK,TX,91.0,91.0
450040,COVENANT MEDICAL CENTER,TX,90.0,89.0
450042,ASCENSION PROVIDENCE,TX,91.0,93.0
450044,UT OF TEXAS  SOUTHWESTERN UNIVERSITY HOSPITAL - WILLIAM P. CLEMENTS JR.,TX,92.0,93.0
450046,CHRISTUS SPOHN HOSPITAL CORPUS CHRISTI,TX,89.0,89.0
450051,METHODIST DALLAS MEDICAL CENTER,TX,91.0,90.0
450054,BAYLOR SCOTT & WHITE MEDICAL CENTER - TEMPLE,TX,91.0,91.0
450055,ROLLING PLAINS MEMORIAL HOSPITAL,TX,93.0,95.0
450056,ASCENSION SETON MEDICAL CENTER AUSTIN,TX,90.0,88.0
450058,BAPTIST MEDICAL CENTER,TX,89.0,88.0
450064,TEXAS HEALTH ARLINGTON MEMORIAL HOSPITAL,TX,90.0,89.0
450068,MEMORIAL HERMANN - TEXAS MEDICAL CENTER,TX,90.0,90.0
450072,CHI ST LUKE'S HEALTH BRAZOSPORT,TX,93.0,92.0
450079,BAYLOR SCOTT & WHITE MEDICAL CENTER AT IRVING,TX,91.0,90.0
450080,TITUS REGIONAL MEDICAL CENTER,TX,93.0,91.0
450082,CHRISTUS SPOHN HOSPITAL BEEVILLE,TX,91.0,85.0
450083,UT HEALTH EAST TEXAS TYLER REGIONAL HOSPITAL,TX,89.0,88.0
450087,MEDICAL CITY NORTH HILLS,TX,90.0,88.0
450090,NORTH TEXAS MEDICAL CENTER,TX,94.0,90.0
450092,FORT DUNCAN MEDICAL CENTER,TX,88.0,89.0
450097,HCA HOUSTON HEALTHCARE SOUTHEAST,TX,89.0,86.0
450101,BAYLOR SCOTT & WHITE MEDICAL CENTER HILLCREST,TX,93.0,92.0
450102,CHRISTUS MOTHER FRANCES HOSPITAL,TX,90.0,89.0
450104,GUADALUPE REGIONAL MEDICAL CENTER,TX,95.0,93.0
450107,LAS PALMAS MEDICAL CENTER A CAMPUS OF LPDS HEALTHC,TX,89.0,86.0
450119,SOUTH TEXAS HEALTH SYSTEM,TX,89.0,87.0
450124,DELL SETON  MED CENTER AT THE UNIVERSITY OF TX,TX,93.0,92.0
450128,KNAPP MEDICAL CENTER,TX,91.0,90.0
450132,MEDICAL CENTER HOSPITAL,TX,91.0,89.0
450133,MIDLAND MEMORIAL HOSPITAL,TX,90.0,89.0
450135,TEXAS HEALTH HARRIS METHODIST FORT WORTH,TX,91.0,90.0
450137,BAYLOR SCOTT AND WHITE ALL SAINTS MEDICAL CENTER,TX,91.0,91.0
450144,PERMIAN REGIONAL MEDICAL CENTER ANDREWS COUNTY HO,TX,94.0,94.0
450147,DE TAR HOSPITAL NAVARRO,TX,90.0,88.0
450148,TEXAS HEALTH HARRIS METHODIST HOSPITAL CLEBURNE,TX,93.0,91.0
450152,ADVENTHEALTH CENTRAL TEXAS,TX,92.0,92.0
450163,CHRISTUS SPOHN HOSPITAL KLEBERG,TX,90.0,88.0
450165,METHODIST HOSPITAL ATASCOSA,TX,92.0,88.0
450176,MISSION REGIONAL MEDICAL CENTER,TX,91.0,91.0
450184,MEMORIAL HERMANN HOSPITAL SYSTEM,TX,90.0,90.0
450193,Baylor St Lukes Medical Center,TX,88.0,90.0
450194,UT HEALTH EAST TEXAS JACKSONVILLE HOSPITAL,TX,92.0,94.0
450196,PARIS REGIONAL MEDICAL CENTER,TX,89.0,89.0
450203,MEDICAL CITY WEATHERFORD,TX,91.0,89.0
450209,NORTHWEST TEXAS HOSPITAL,TX,90.0,87.0
450211,CHI ST LUKES HEALTH MEMORIAL LUFKIN,TX,91.0,91.0
450213,UNIVERSITY HEALTH SYSTEM,TX,91.0,90.0
450222,HCA HOUSTON HEALTHCARE CONROE,TX,88.0,85.0
450229,HENDRICK MEDICAL CENTER,TX,90.0,90.0
450231,BSA HOSPITAL,TX,91.0,90.0
450236,CHRISTUS MOTHER FRANCES HOSPITAL SULPHUR SPRINGS,TX,94.0,91.0
450237,CHRISTUS SANTA ROSA MEDICAL CENTER,TX,90.0,90.0
450272,CHRISTUS SANTA ROSA HOSPITAL-SAN MARCOS,TX,91.0,93.0
450289,HARRIS HEALTH,TX,91.0,92.0
450292,TEXAS HEALTH PRESBYTERIAN HOSPITAL KAUFMAN,TX,95.0,92.0
450324,TEXOMA MEDICAL CENTER,TX,91.0,89.0
450330,OAKBEND MEDICAL CENTER,TX,89.0,88.0
450346,BAPTIST BEAUMONT HOSPITAL,TX,91.0,89.0
450347,HUNTSVILLE MEMORIAL HOSPITAL,TX,89.0,90.0
450351,TEXAS HEALTH HARRIS METHODIST HOSPITAL STEPHENVILL,TX,95.0,93.0
450352,HUNT REGIONAL MEDICAL CENTER,TX,90.0,88.0
450358,HOUSTON METHODIST HOSPITAL,TX,90.0,92.0
450370,COLUMBUS COMMUNITY HOSPITAL,TX,93.0,93.0
450372,BAYLOR SCOTT & WHITE MEDICAL CENTER- WAXAHACHIE,TX,92.0,91.0
450379,DALLAS MEDICAL CENTER,TX,90.0,87.0
450388,METHODIST HOSPITAL,TX,89.0,89.0
450389,UT HEALTH EAST TEXAS ATHENS HOSPITAL,TX,93.0,93.0
450395,CHI ST LUKES HEALTH MEMORIAL LIVINGSTON,TX,93.0,91.0
450403,MEDICAL CENTER OF MCKINNEY,TX,91.0,91.0
450419,TEXAS HEALTH HARRIS METHODIST HOSPITAL AZLE,TX,92.0,92.0
450424,HOUSTON METHODIST BAYTOWN HOSPITAL,TX,93.0,90.0
450431,ST DAVID'S MEDICAL CENTER,TX,91.0,91.0
450447,NAVARRO REGIONAL HOSPITAL,TX,89.0,90.0
450462,TEXAS HEALTH PRESBYTERIAN HOSPITAL DALLAS,TX,89.0,90.0
450465,MATAGORDA REGIONAL MEDICAL CENTER,TX,94.0,91.0
450469,WILSON N JONES REGIONAL MEDICAL CENTER,TX,90.0,88.0
450475,UT HEALTH EAST TEXAS HENDERSON HOSPITAL,TX,91.0,93.0
450484,WOODLAND HEIGHTS MEDICAL CENTER,TX,89.0,88.0
450508,NACOGDOCHES MEMORIAL HOSPITAL,TX,90.0,87.0
450518,THE MEDICAL CENTER OF SOUTHEAST TEXAS,TX,90.0,89.0
450537,METHODIST RICHARDSON MEDICAL CENTER,TX,91.0,91.0
450539,COVENANT HOSPITAL PLAINVIEW,TX,91.0,93.0
450563,BAYLOR SCOTT & WHITE MEDICAL CENTER  GRAPEVINE,TX,92.0,91.0
450565,PALO PINTO GENERAL HOSPITAL,TX,92.0,88.0
450571,SHANNON MEDICAL CENTER,TX,90.0,91.0
450587,HENDRICK MEDICAL CENTER BROWNWOOD,TX,89.0,89.0
450596,LAKE GRANBURY MEDICAL CENTER,TX,89.0,87.0
450604,HILL COUNTRY MEMORIAL HOSPITAL,TX,94.0,92.0
45060F,VA AMARILLO HEALTHCARE SYSTEM,TX,94.0,93.0
450610,MEMORIAL HERMANN MEMORIAL CITY HOSPITAL,TX,88.0,89.0
450617,HCA HOUSTON HEALTHCARE CLEAR LAKE,TX,87.0,87.0
450634,MEDICAL CITY DENTON,TX,89.0,88.0
450638,HCA HOUSTON HEALTHCARE NORTHWEST,TX,87.0,86.0
450639,TEXAS HEALTH HARRIS METHODIST HURST-EULESS-BEDFORD,TX,90.0,90.0
450643,DOCTORS HOSPITAL OF LAREDO,TX,90.0,89.0
450644,HCA HOUSTON HEALTHCARE WEST,TX,87.0,86.0
450647,MEDICAL CITY DALLAS HOSPITAL,TX,88.0,88.0
450651,MEDICAL CITY PLANO,TX,89.0,88.0
450656,NACOGDOCHES MEDICAL CENTER,TX,93.0,90.0
450659,HCA HOUSTON HEALTHCARE MEDICAL CENTER,TX,89.0,89.0
450661,ODESSA REGIONAL MEDICAL CENTER,TX,88.0,89.0
450662,VALLEY REGIONAL MEDICAL CENTER,TX,88.0,87.0
450668,SIERRA MEDICAL CENTER,TX,89.0,90.0
450669,MEDICAL CITY LEWISVILLE,TX,91.0,89.0
45066F,DALLAS VA MEDICAL CENTER (VA NORTH TEXAS HEALTHCARE SYSTEM),TX,90.0,91.0
450670,HCA HOUSTON HEALTHCARE TOMBALL,TX,89.0,87.0
450672,MEDICAL CITY FORT WORTH,TX,88.0,88.0
450674,"WOMANS HOSPITAL OF TEXAS,THE",TX,87.0,90.0
450675,MEDICAL CITY ARLINGTON,TX,86.0,87.0
450677,TEXAS HEALTH HUGULEY HOSPITAL FORT WORTH SOUTH,TX,90.0,88.0
450684,MEMORIAL HERMANN NORTHEAST HOSPITAL,TX,89.0,89.0
450686,UNIVERSITY MEDICAL CENTER,TX,92.0,90.0
450688,DALLAS REGIONAL MEDICAL CENTER,TX,87.0,89.0
45068F,William Beaumont AMG (FT Bliss),TX,95.0,94.0
450690,THE UNIVERSITY OF TEXAS HEALTH SCIENCE CENTER AT TYLER,TX,95.0,95.0
450694,EL CAMPO MEMORIAL HOSPITAL,TX,89.0,93.0
45069F,Brooke Army Medical Center (FT Sam Houston),TX,94.0,95.0
450702,LONGVIEW REGIONAL MEDICAL CENTER,TX,90.0,89.0
450709,HOUSTON METHODIST CLEAR LAKE HOSPITAL,TX,94.0,90.0
45070F,Darnall AMC (FT Cavazos),TX,94.0,94.0
450711,RIO GRANDE REGIONAL HOSPITAL,TX,89.0,88.0
450713,ST DAVID'S SOUTH AUSTIN MEDICAL CENTER,TX,89.0,89.0
450718,ROUND ROCK MEDICAL CENTER,TX,89.0,88.0
450723,METHODIST CHARLTON MEDICAL CENTER,TX,90.0,91.0
450730,CARROLLTON REGIONAL MEDICAL CENTER,TX,88.0,86.0
450742,BAYLOR SCOTT AND WHITE MEDICAL CENTER LAKE POINTE,TX,90.0,89.0
450743,TEXAS HEALTH PRESBYTERIAN HOSPITAL DENTON,TX,92.0,91.0
450747,PALESTINE REGIONAL MEDICAL CENTER,TX,92.0,93.0
45074F,HOUSTON VA MEDICAL CENTER,TX,89.0,90.0
450771,TEXAS HEALTH PRESBYTERIAN HOSPITAL PLANO,TX,89.0,90.0
450774,TOPS SURGICAL SPECIALTY HOSPITAL,TX,95.0,92.0
450775,HCA HOUSTON HEALTHCARE KINGWOOD,TX,86.0,85.0
450779,TEXAS HEALTH HARRIS METHODIST HOSPITAL SOUTHWEST F,TX,92.0,90.0
450788,"CORPUS CHRISTI MEDICAL CENTER,THE",TX,90.0,88.0
450801,CHRISTUS ST MICHAEL HEALTH SYSTEM,TX,92.0,92.0
450804,TEXAS ORTHOPEDIC HOSPITAL,TX,94.0,94.0
450809,NORTH AUSTIN MEDICAL CENTER,TX,88.0,89.0
450820,HOUSTON METHODIST SUGARLAND HOSPITAL,TX,91.0,91.0
450822,MEDICAL CITY LAS COLINAS,TX,90.0,87.0
450827,KELL WEST REGIONAL HOSPITAL,TX,91.0,93.0
450828,CHRISTUS SPOHN HOSPITAL ALICE,TX,93.0,93.0
450834,"PHYSICIANS CENTRE,THE",TX,95.0,93.0
450840,TEXAS HEALTH PRESBYTERIAN HOSPITAL ALLEN,TX,92.0,91.0
450844,HOUSTON METHODIST WILLOWBROOK HOSPITAL,TX,92.0,91.0
450847,MEMORIAL HERMANN KATY HOSPITAL,TX,90.0,89.0
450848,MEMORIAL HERMANN SUGAR LAND HOSPITAL,TX,88.0,90.0
450851,BAYLOR SCOTT & WHITE HEART & VASCULAR HOSPITAL - DALLAS,TX,95.0,94.0
450853,BAYLOR SCOTT & WHITE MEDICAL CENTER - FRISCO,TX,93.0,93.0
450855,HARLINGEN MEDICAL CENTER,TX,91.0,87.0
450856,SOUTH TEXAS SPINE AND SURGICAL HOSPITAL,TX,95.0,94.0
450862,ST LUKE'S THE WOODLANDS HOSPITAL,TX,93.0,91.0
450864,BAYLOR SCOTT & WHITE TEXAS SPINE & JOINT HOSPITAL,TX,94.0,94.0
450867,ASCENSION SETON NORTHWEST,TX,91.0,89.0
450869,DOCTORS HOSPTAL AT RENAISSANCE,TX,90.0,91.0
45086F,TEMPLE VA MEDICAL CENTER (VA CENTRAL TEXAS HEALTHCARE SYSTEM),TX,96.0,93.0
450872,USMD HOSPITAL AT ARLINGTON L P,TX,90.0,92.0
450874,BAYLOR SURGICAL HOSPITAL AT LAS COLINAS,TX,91.0,92.0
450875,QUAIL CREEK SURGICAL HOSPITAL,TX,96.0,94.0
450876,LUBBOCK HEART HOSPITAL LP,TX,93.0,93.0
450880,BAYLOR SCOTT AND WHITE SURGICAL HOSPITAL FORTWORTH,TX,91.0,94.0
450883,BAYLOR MEDICAL CENTER AT TROPHY CLUB,TX,92.0,92.0
450885,BAYLOR SCOTT &  WHITE MEDICAL CENTER - CENTENNIAL,TX,92.0,92.0
450888,TEXAS HEALTH HARRIS METHODIST HOSPITAL SOUTHLAKE,TX,94.0,94.0
450889,TEXAS INSTITUTE FOR SURGERY AT PRESBYTERIAN HOSPIT,TX,96.0,95.0
450890,BAYLOR SCOTT & WHITE MEDICAL CENTER PLANO,TX,92.0,92.0
450893,THE HEART HOSPITAL BAYLOR DENTON,TX,94.0,93.0
45090F,SAN ANTONIO VA MEDICAL CENTER (VA SOUTH TEXAS HEALTHCARE SYSTEM),TX,92.0,92.0
451367,UT HEALTH EAST TEXAS PITTSBURG HOSPITAL,TX,97.0,98.0
451379,CORYELL MEMORIAL HOSPITAL,TX,96.0,95.0
451380,UT HEALTH EAST TEXAS QUITMAN HOSPITAL,TX,94.0,94.0
451387,UVALDE MEMORIAL HOSPITAL,TX,91.0,91.0
451395,HILL REGIONAL HOSPITAL,TX,91.0,92.0
451397,BAYLOR SCOTT & WHITE HOSPITAL BRENHAM,TX,94.0,93.0
460001,INTERMOUNTAIN HEALTH UTAH VALLEY HOSPITAL,UT,93.0,92.0
460003,HOLY CROSS HOSPITAL - SALT LAKE,UT,90.0,91.0
460004,MCKAY-DEE HOSPITAL,UT,91.0,92.0
460005,OGDEN REGIONAL MEDICAL CENTER,UT,91.0,90.0
460006,LDS HOSPITAL,UT,92.0,93.0
460007,CEDAR CITY HOSPITAL,UT,95.0,95.0
460009,UNIVERSITY OF UTAH HOSPITAL AND CLINICS,UT,91.0,91.0
460010,INTERMOUNTAIN MEDICAL CENTER,UT,91.0,91.0
460011,CASTLEVIEW HOSPITAL,UT,90.0,92.0
460013,MOUNTAIN VIEW HOSPITAL,UT,92.0,93.0
460014,MOUNTAIN WEST MEDICAL CENTER,UT,93.0,92.0
460015,LOGAN REGIONAL HOSPITAL,UT,93.0,93.0
460017,BRIGHAM CITY COMMUNITY HOSPITAL,UT,91.0,91.0
460019,UINTAH BASIN MEDICAL CENTER,UT,89.0,90.0
460021,ST. GEORGE REGIONAL HOSPITAL,UT,92.0,92.0
460023,AMERICAN FORK HOSPITAL,UT,92.0,93.0
460026,SEVIER VALLEY HOSPITAL,UT,95.0,94.0
46002F,VA SALT LAKE CITY HEALTHCARE - GEORGE E. WAHLEN VA MEDICAL CENTER,UT,94.0,94.0
460030,ASHLEY REGIONAL MEDICAL CENTER,UT,92.0,91.0
460041,HOLY CROSS HOSPITAL-DAVIS,UT,87.0,92.0
460042,LAKEVIEW HOSPITAL,UT,92.0,90.0
460044,INTERMOUNTAIN HEALTH ALTA VIEW HOSPITAL,UT,93.0,94.0
460047,ST MARK'S HOSPITAL,UT,89.0,90.0
460051,HOLY CROSS HOSPITAL-JORDAN VALLEY,UT,88.0,88.0
460052,TIMPANOGOS REGIONAL HOSPITAL,UT,91.0,91.0
460054,CACHE VALLEY HOSPITAL,UT,95.0,93.0
460057,PARK CITY HOSPITAL,UT,92.0,94.0
460058,RIVERTON HOSPITAL,UT,92.0,92.0
460060,LONE PEAK HOSPITAL,UT,91.0,92.0
460061,INTERMOUNTAIN HEALTH LAYTON HOSPITAL,UT,92.0,92.0
460062,INTERMOUNTAIN HEALTH SPANISH FORK HOSPITAL,UT,92.0,91.0
461304,CENTRAL VALLEY MEDICAL CENTER - CAH,UT,91.0,93.0
461307,INTERMOUNTAIN HEALTH HEBER VALLEY HOSPITAL,UT,96.0,97.0
461310,BLUE MOUNTAIN HOSPITAL,UT,90.0,93.0
470001,CENTRAL VERMONT MEDICAL CENTER,VT,93.0,92.0
470003,UNIV. OF VERMONT - FLETCHER ALLEN HEALTH CARE,VT,93.0,92.0
470005,RUTLAND REGIONAL MEDICAL CENTER,VT,93.0,92.0
470011,BRATTLEBORO MEMORIAL HOSPITAL,VT,90.0,91.0
470012,SOUTHWESTERN VERMONT MEDICAL CENTER,VT,92.0,91.0
47001F,WHITE RIVER JCT VA MEDICAL CENTER,VT,95.0,96.0
470024,NORTHWESTERN MEDICAL CENTER INC,VT,91.0,91.0
471301,GIFFORD MEDICAL CENTER,VT,94.0,95.0
471302,MT ASCUTNEY HOSPITAL,VT,92.0,92.0
471303,NORTHEASTERN VERMONT REGIONAL HOSPITAL,VT,94.0,93.0
471304,NORTH COUNTRY HOSPITAL AND HEALTH CENTER,VT,93.0,94.0
471305,COPLEY HOSPITAL,VT,95.0,95.0
471307,PORTER HOSPITAL INC,VT,91.0,91.0
480002,GOV JUAN F LUIS HOSPITAL & MEDICAL CTR,VI,90.0,91.0
490002,RUSSELL COUNTY HOSPITAL,VA,93.0,88.0
490004,SENTARA RMH MEDICAL CENTER,VA,93.0,92.0
490005,WINCHESTER MEDICAL CENTER,VA,92.0,91.0
490007,SENTARA NORFOLK GENERAL HOSPITAL,VA,92.0,91.0
490009,UNIVERSITY OF VIRGINIA MEDICAL CENTER,VA,92.0,92.0
490013,SENTARA HALIFAX REGIONAL HOSPITAL,VA,94.0,94.0
490017,BON SECOURS MARYVIEW MEDICAL CENTER,VA,90.0,90.0
490018,AUGUSTA HEALTH,VA,91.0,92.0
490019,UVA HEALTH CULPEPER MEDICAL CENTER,VA,90.0,89.0
49001F,Fort Belvoir Community Hospital,VA,95.0,95.0
490020,JOHN RANDOLPH MEDICAL CENTER,VA,92.0,91.0
490021,CENTRA HEALTH -  LYNCHBURG GEN HOSPITAL,VA,90.0,91.0
490022,MARY WASHINGTON HOSPITAL,VA,89.0,89.0
490023,FAUQUIER HOSPITAL,VA,91.0,90.0
490024,CARILION MEDICAL CENTER,VA,91.0,90.0
490032,MEDICAL COLLEGE OF VIRGINIA HOSPITALS,VA,93.0,92.0
490033,WARREN MEMORIAL HOSPITAL,VA,92.0,92.0
490037,RIVERSIDE SHORE MEMORIAL HOSPITAL,VA,95.0,94.0
490038,SMYTH COUNTY COMMUNITY HOSPITAL,VA,91.0,93.0
490040,INOVA ALEXANDRIA HOSPITAL,VA,91.0,91.0
490041,MARY IMMACULATE HOSPITAL,VA,91.0,91.0
490042,CARILION NEW RIVER VALLEY MEDICAL CENTER,VA,92.0,91.0
490043,INOVA LOUDOUN HOSPITAL,VA,92.0,90.0
490044,SENTARA OBICI HOSPITAL,VA,92.0,92.0
490045,NOVANT PRINCE WILLIAM MEDICAL CENTER,VA,88.0,88.0
490046,SENTARA LEIGH HOSPITAL,VA,92.0,89.0
490048,LEWISGALE MEDICAL CENTER,VA,87.0,87.0
490050,VIRGINIA HOSPITAL CENTER,VA,91.0,92.0
490052,RIVERSIDE REGIONAL MEDICAL CENTER,VA,92.0,92.0
490053,JOHNSTON MEMORIAL HOSPITAL,VA,90.0,91.0
490057,SENTARA VIRGINIA BEACH GENERAL HOSPITAL,VA,92.0,90.0
490059,BON SECOURS ST MARYS HOSPITAL,VA,90.0,90.0
490060,CLINCH VALLEY MEDICAL CENTER,VA,94.0,94.0
490063,INOVA FAIRFAX HOSPITAL,VA,91.0,90.0
490066,SENTARA WILLIAMSBURG REGIONAL MEDICAL CENTER,VA,94.0,92.0
490067,BON SECOURS SOUTHSIDE MEDICAL CENTER,VA,91.0,89.0
490069,BON SECOURS MEMORIAL REGIONAL MEDICAL CENTER,VA,91.0,89.0
49006F,HAMPTON VA MEDICAL CENTER,VA,95.0,93.0
490075,SOVAH HEALTH DANVILLE,VA,90.0,88.0
490077,SENTARA MARTHA JEFFERSON HOSPITAL,VA,93.0,94.0
490084,VCU HEALTH TAPPAHANNOCK HOSPITAL,VA,92.0,92.0
490088,CENTRA BEDFORD MEMORIAL HOSPITAL,VA,95.0,96.0
490089,CARILION FRANKLIN MEMORIAL HOSPITAL,VA,93.0,93.0
49008F,NMC Portsmouth,VA,93.0,93.0
490090,"SOUTHSIDE COMMUNITY HOSPITAL, INC",VA,92.0,93.0
490092,BON SECOURS SOUTHAMPTON MEMORIAL HOSPITAL,VA,93.0,90.0
490093,SENTARA CAREPLEX HOSPITAL,VA,92.0,92.0
490098,COMMUNITY MEMORIAL HOSPITAL,VA,94.0,93.0
490101,INOVA FAIR OAKS HOSPITAL,VA,91.0,90.0
490107,RESTON HOSPITAL CENTER,VA,89.0,89.0
49010F,RICHMOND VA MEDICAL CENTER,VA,91.0,94.0
490110,LEWISGALE HOSPITAL MONTGOMERY,VA,93.0,92.0
490111,WYTHE COUNTY COMMUNITY HOSPITAL,VA,93.0,94.0
490112,CJW MEDICAL CENTER,VA,90.0,88.0
490113,SENTARA NORTHERN VIRGINIA MEDICAL CENTER,VA,91.0,89.0
490114,LONESOME PINE HOSPITAL,VA,95.0,95.0
490115,TWIN COUNTY REGIONAL HOSPITAL,VA,90.0,90.0
490116,LEWISGALE HOSPITAL PULASKI,VA,95.0,95.0
490117,CARILION TAZEWELL COMMUNITY HOSPITAL,VA,96.0,94.0
490118,HENRICO DOCTORS' HOSPITAL,VA,89.0,89.0
490119,SENTARA PRINCESS ANNE HOSPITAL,VA,92.0,91.0
49011F,SALEM VA MEDICAL CENTER,VA,95.0,96.0
490120,CHESAPEAKE GENERAL HOSPITAL,VA,90.0,91.0
490122,INOVA MOUNT VERNON HOSPITAL,VA,91.0,90.0
490126,LEWISGALE HOSPITAL ALLEGHANY,VA,94.0,93.0
490127,BUCHANAN GENERAL HOSPITAL,VA,97.0,95.0
490130,RIVERSIDE WALTER REED HOSPITAL,VA,94.0,93.0
490136,BON SECOURS ST FRANCIS MEDICAL CENTER,VA,90.0,91.0
490140,"STAFFORD HOSPITAL, LLC",VA,89.0,89.0
490141,SPOTSYLVANIA REGIONAL MEDICAL CENTER,VA,88.0,85.0
490143,RIVERSIDE DOCTORS' HOSPITAL OF WILLIAMSBURG,VA,93.0,94.0
490144,UVA HEALTH HAYMARKET MEDICAL CENTER,VA,92.0,93.0
490145,STONESPRINGS HOSPITAL CENTER,VA,92.0,91.0
491302,CARILION GILES COMMUNITY HOSPITAL,VA,94.0,96.0
491304,CARILION STONEWALL JACKSON HOSPITAL,VA,94.0,93.0
491305,SHENANDOAH MEMORIAL HOSPITAL,VA,94.0,92.0
491307,"PAGE MEMORIAL HOSPITAL, INC",VA,94.0,94.0
500002,PROVIDENCE ST MARY MEDICAL CENTER,WA,91.0,93.0
500003,SKAGIT VALLEY HOSPITAL,WA,92.0,92.0
500005,VIRGINIA MASON MEDICAL CENTER,WA,92.0,92.0
500007,ISLAND HOSPITAL,WA,94.0,93.0
500008,UNIVERSITY OF WASHINGTON MEDICAL CTR,WA,92.0,92.0
500011,HIGHLINE MEDICAL CENTER,WA,89.0,89.0
500014,PROVIDENCE REGIONAL MEDICAL CENTER EVERETT,WA,89.0,89.0
500015,MULTICARE AUBURN MEDICAL CENTER,WA,87.0,87.0
500016,CONFLUENCE HEALTH HOSPITAL,WA,92.0,93.0
500019,PROVIDENCE CENTRALIA HOSPITAL,WA,91.0,90.0
500021,ST CLARE HOSPITAL,WA,91.0,90.0
500024,PROVIDENCE ST PETER HOSPITAL,WA,91.0,90.0
500025,SWEDISH MEDICAL CENTER / CHERRY HILL,WA,91.0,91.0
500026,SWEDISH EDMONDS HOSPITAL,WA,89.0,89.0
500027,SWEDISH MEDICAL CENTER,WA,91.0,91.0
500030,ST JOSEPH HOSPITAL,WA,91.0,90.0
500031,GRAYS HARBOR COMMUNITY HOSPITAL,WA,89.0,89.0
500033,SAMARITAN HOSPITAL,WA,90.0,90.0
500036,YAKIMA VALLEY MEMORIAL,WA,88.0,89.0
500039,HARRISON MEDICAL CENTER,WA,91.0,91.0
500041,PEACEHEALTH ST JOHN MEDICAL CENTER,WA,92.0,91.0
500044,DEACONESS MEDICAL CENTER,WA,90.0,91.0
500050,PEACEHEALTH SOUTHWEST MEDICAL CENTER,WA,91.0,89.0
500051,OVERLAKE HOSPITAL MEDICAL CENTER,WA,91.0,92.0
500052,KAISER PERMANENTE CENTRAL HOSPITAL,WA,89.0,94.0
500053,TRIOS HEALTH,WA,89.0,88.0
500054,PROV SACRED HRT MED CTR & CHILDS HOSP.,WA,90.0,89.0
500058,KADLEC REGIONAL MEDICAL CENTER,WA,90.0,91.0
50005F,Madigan AMC (FT Lewis),WA,94.0,94.0
500060,CASCADE VALLEY HOSPITAL,WA,91.0,90.0
500064,HARBORVIEW MEDICAL CENTER,WA,89.0,89.0
500072,OLYMPIC MEDICAL CENTER,WA,92.0,91.0
500077,PROVIDENCE HOLY FAMILY HOSPITAL,WA,90.0,90.0
500079,MULTICARE GOOD SAMARITAN HOSPITAL,WA,87.0,85.0
500084,EVERGREENHEALTH MONROE,WA,88.0,88.0
500088,VALLEY MEDICAL CENTER,WA,91.0,92.0
500108,ST JOSEPH MEDICAL CENTER,WA,89.0,90.0
500119,MULTICARE VALLEY HOSPITAL,WA,91.0,91.0
50011F,SPOKANE VA MEDICAL CENTER,WA,96.0,95.0
500124,EVERGREENHEALTH MEDICAL CENTER,WA,93.0,93.0
500129,TACOMA GENERAL ALLENMORE HOSPITAL,WA,88.0,89.0
500139,CAPITAL MEDICAL CENTER,WA,90.0,90.0
500141,ST FRANCIS COMMUNITY HOSPITAL,WA,89.0,88.0
500150,LEGACY SALMON CREEK MEDICAL CENTER,WA,93.0,91.0
500151,ST ANTHONY HOSPITAL,WA,90.0,90.0
500152,SWEDISH ISSAQUAH,WA,91.0,91.0
500154,MULTICARE COVINGTON MEDICAL CENTER,WA,90.0,91.0
50030F,SEATTLE VA MEDICAL CENTER (VA PUGET SOUND HEALTHCARE SYSTEM),WA,93.0,94.0
501312,PROSSER MEMORIAL HOSPITAL,WA,93.0,94.0
501323,JEFFERSON HEALTHCARE,WA,95.0,95.0
501326,PROVIDENCE MOUNT CARMEL HOSPITAL,WA,93.0,92.0
501329,PEACEHEALTH UNITED GENERAL MEDICAL CENTER,WA,93.0,94.0
501330,ASTRIA SUNNYSIDE HOSPITAL,WA,90.0,91.0
501331,PULLMAN REGIONAL HOSPITAL,WA,95.0,93.0
501332,TRI-STATE MEMORIAL HOSPITAL,WA,96.0,95.0
501333,KITTITAS VALLEY COMMUNITY HOSPITAL,WA,93.0,90.0
501335,ST ELIZABETH HOSPITAL,WA,93.0,90.0
501336,MASON GENERAL HOSPITAL & FAMILY OF CLINICS,WA,92.0,89.0
501337,LOURDES MEDICAL CENTER,WA,90.0,86.0
501339,WHIDBEYHEALTH MEDICAL CENTER,WA,92.0,91.0
510001,"WEST VIRGINIA UNIVERSITY HOSPITALS, INC",WV,92.0,90.0
510002,"CAMC GREENBRIER VALLEY MEDICAL CENTER, INC",WV,89.0,89.0
510006,"UNITED HOSPITAL CENTER, INC",WV,91.0,90.0
510007,ST MARYS MEDICAL CENTER,WV,91.0,88.0
510008,BERKELEY MEDICAL CENTER,WV,89.0,87.0
510012,RIVERS HEALTH,WV,90.0,88.0
510013,REYNOLDS MEMORIAL HOSPITAL,WV,93.0,92.0
510022,CHARLESTON AREA MEDICAL CENTER,WV,91.0,90.0
510023,"WEIRTON MEDICAL CENTER, INC",WV,88.0,89.0
510024,MON HEALTH MEDICAL CENTER,WV,92.0,91.0
510029,THOMAS MEMORIAL HOSPITAL,WV,91.0,90.0
51002F,BECKLEY VA MEDICAL CENTER,WV,98.0,95.0
510030,DAVIS MEDICAL CENTER,WV,91.0,90.0
510038,STONEWALL JACKSON MEMORIAL HOSPITAL,WV,90.0,90.0
51003F,CLARKSBURG VA MEDICAL CENTER,WV,94.0,93.0
510046,PRINCETON COMMUNITY HOSPITAL ASSN INC,WV,91.0,91.0
510048,LOGAN REGIONAL MEDICAL CENTER,WV,89.0,89.0
51004F,HUNTINGTON VA MEDICAL CENTER,WV,95.0,93.0
510050,"WHEELING HOSPITAL, INC",WV,90.0,88.0
510055,"CABELL HUNTINGTON HOSPITAL, INC",WV,89.0,91.0
510058,CAMDEN CLARK MEDICAL CENTER,WV,92.0,91.0
51005F,MARTINSBURG VA MEDICAL CENTER,WV,95.0,93.0
510062,BECKLEY ARH HOSPITAL,WV,90.0,88.0
510070,RALEIGH GENERAL HOSPITAL,WV,90.0,88.0
510072,WETZEL COUNTY HOSPITAL,WV,96.0,96.0
510086,WELCH COMMUNITY HOSPITAL,WV,97.0,96.0
511309,VALLEY HEALTH WAR MEMORIAL HOSPITAL,WV,97.0,96.0
511311,HAMPSHIRE MEMORIAL HOSPITAL,WV,97.0,96.0
511313,BOONE MEMORIAL HOSPITAL,WV,97.0,96.0
511315,POTOMAC VALLEY HOSPITAL,WV,95.0,94.0
511316,GRANT MEMORIAL HOSPITAL,WV,95.0,94.0
511317,"CAMC PLATEAU MEDICAL CENTER, INC",WV,96.0,97.0
511319,JEFFERSON MEDICAL CENTER,WV,93.0,94.0
511320,JACKSON GENERAL HOSPITAL,WV,95.0,93.0
511321,"ST JOSEPH'S HOSPITAL OF BUCKHANNON, INC",WV,97.0,96.0
511322,SUMMERSVILLE REGIONAL MEDICAL CENTER,WV,95.0,94.0
520002,"ASPIRUS STEVENS POINT HOSPITAL & CLINICS, INC.",WI,92.0,91.0
520004,MAYO CLINIC HEALTH SYSTEM-FRANCISCAN MEDICAL CENTER INC,WI,94.0,94.0
520008,WAUKESHA MEMORIAL HOSPITAL,WI,93.0,92.0
520009,ASCENSION NE WISCONSIN - ST ELIZABETH CAMPUS,WI,91.0,91.0
520011,MARSHFIELD MEDICAL CENTER - RICE LAKE,WI,93.0,91.0
520019,ASPIRUS RHINELANDER HOSPITAL,WI,93.0,89.0
520021,FROEDTERT SOUTH INC.,WI,92.0,91.0
520028,THE MONROE CLINIC,WI,93.0,93.0
520030,ASPIRUS WAUSAU HOSPITAL,WI,92.0,91.0
520033,ASPIRUS RIVERVIEW HOSPITAL & CLINICS INC,WI,92.0,90.0
520034,AURORA MEDICAL CTR MANITOWOC COUNTY,WI,94.0,92.0
520035,AURORA MEDICAL CENTER SHEBOYGAN COUNTY,WI,93.0,93.0
520037,MARSHFIELD MEDICAL CENTER,WI,91.0,89.0
520038,AURORA MEDICAL CTR WASHINGTON COUNTY,WI,95.0,93.0
52003F,MILWAUKEE VA MEDICAL CENTER,WI,93.0,93.0
520041,ASPIRUS DIVINE SAVIOR HOSPITAL,WI,92.0,88.0
520044,ST NICHOLAS HOSPITAL,WI,93.0,92.0
520045,THEDACARE REGIONAL MED CTR - NEENAH,WI,92.0,91.0
520049,BELLIN MEMORIAL HOSPITAL,WI,92.0,92.0
52004F,MADISON VA MEDICAL CENTER,WI,97.0,94.0
520051,ASCENSION COLUMBIA ST MARYS HOSPITAL MILWAUKEE,WI,89.0,91.0
520057,SSM HEALTH ST CLARE HOSPITAL - BARABOO,WI,93.0,93.0
520059,AURORA MEMORIAL HOSPITAL BURLINGTON,WI,93.0,92.0
520062,OCONOMOWOC MEMORIAL HOSPITAL,WI,92.0,91.0
520063,ST JOSEPHS COMMUNITY HOSPITAL WEST BEND,WI,92.0,91.0
520066,MERCY HEALTH SYSTEM CORP,WI,91.0,92.0
520070,MAYO CLINIC HEALTH SYSTEM EAU CLAIRE HOSPITAL,WI,93.0,93.0
520071,FORT MEMORIAL HOSPITAL,WI,93.0,91.0
520075,ST VINCENT HOSPITAL,WI,91.0,90.0
520076,MARSHFIELD MEDICAL CENTER - BEAVER DAM (MMC-BD),WI,90.0,88.0
520083,SSM HEALTH ST MARY'S HOSPITAL - MADISON,WI,92.0,92.0
520087,GUNDERSEN LUTHERAN MEDICAL CENTER,WI,93.0,91.0
520088,SSM HEALTH ST AGNES HOSPITAL-FOND DU LAC,WI,93.0,91.0
520089,UNITYPOINT HEALTH - MERITER,WI,93.0,91.0
520091,HOWARD YOUNG MEDICAL CENTER,WI,94.0,93.0
520095,SAUK PRAIRIE HOSPITAL,WI,95.0,95.0
520096,ASCENSION ALL SAINTS HOSPITAL,WI,90.0,90.0
520097,ST MARYS HOSPITAL MEDICAL CTR,WI,92.0,91.0
520098,UNIVERSITY OF WI  HOSPITALS & CLINICS AUTHORITY,WI,93.0,92.0
520100,BELOIT HEALTH SYSTEM,WI,91.0,88.0
520102,AURORA LAKELAND MEDICAL CENTER,WI,94.0,92.0
520103,COMMUNITY MEMORIAL HOSPITAL,WI,93.0,92.0
520107,HOLY FAMILY MEMORIAL,WI,93.0,92.0
520109,MILE BLUFF MEDICAL CENTER,WI,93.0,94.0
520113,AURORA MEDICAL CENTER BAY AREA,WI,94.0,91.0
520116,WATERTOWN MEMORIAL HOSPITAL,WI,93.0,93.0
520136,ASCENSION SE WISCONSIN HOSPITAL,WI,91.0,92.0
520138,AURORA ST LUKES MEDICAL CENTER,WI,92.0,91.0
520139,WEST ALLIS MEMORIAL HOSPITAL,WI,91.0,90.0
520160,THEDACARE REGIONAL MEDICAL CENTER - APPLETON INC,WI,92.0,91.0
520177,FROEDTERT MEMORIAL LUTHERAN HOSPITAL,WI,92.0,92.0
520189,AURORA MEDICAL CENTER KENOSHA,WI,93.0,92.0
520193,AURORA BAYCARE MEDICAL CTR,WI,93.0,92.0
520194,ORTHOPAEDIC HOSPITAL OF WISCONSIN,WI,98.0,96.0
520196,OAKLEAF SURGICAL HOSPITAL,WI,96.0,95.0
520198,AURORA MEDICAL CTR OSHKOSH,WI,93.0,92.0
520202,MARSHFIELD MEDICAL CENTER - WESTON,WI,93.0,93.0
520205,MIDWEST ORTHOPEDIC SPECIALTY HOSPITAL,WI,94.0,94.0
520206,AURORA MEDICAL CENTER - SUMMIT,WI,94.0,92.0
520207,AURORA MEDICAL CENTER,WI,94.0,93.0
520208,SSM HEALTH ST MARY'S HOSPITAL - JANESVILLE,WI,93.0,92.0
520210,MARSHFIELD MEDICAL CENTER - EAU CLAIRE,WI,91.0,91.0
520212,MARSHFIELD MEDICAL CENTER - MINOCQUA,WI,96.0,95.0
520213,FROEDTERT COMMUNITY HOSPITAL,WI,96.0,95.0
521302,MAYO CLINIC HEALTH SYSTEM OAKRIDGE,WI,95.0,94.0
521308,AMERY HOSPITAL & CLINIC,WI,95.0,95.0
521314,MAYO CLINIC HEALTH SYSTEM CHIPPEWA VALLEY,WI,92.0,93.0
521315,MAYO CLINIC HEALTH SYSTEM-NORTHLAND,WI,95.0,93.0
521318,LADD MEMORIAL HOSPITAL,WI,91.0,94.0
521320,TOMAH MEMORIAL HOSPITAL,WI,97.0,95.0
521322,GRANT REGIONAL HEALTH CENTER,WI,96.0,95.0
521324,"ASPIRUS MEDFORD HOSPITAL & CLINICS, INC",WI,95.0,90.0
521325,FLAMBEAU HOSPITAL,WI,96.0,96.0
521326,THEDACARE MEDICAL CENTER - NEW LONDON,WI,94.0,92.0
521327,WAUPUN MEMORIAL HOSPITAL,WI,94.0,92.0
521329,ST MARYS HOSPITAL SUPERIOR,WI,93.0,93.0
521330,CROSSING RIVERS HEALTH MEDICAL CENTER,WI,94.0,93.0
521333,BLACK RIVER MEMORIAL HOSPITAL,WI,95.0,92.0
521334,THEDACARE MEDICAL CENTER-WAUPACA,WI,93.0,93.0
521335,HUDSON HOSPITAL,WI,94.0,93.0
521336,TAMARACK HEALTH HAYWARD MEDICAL CENTER,WI,95.0,96.0
521337,ST CROIX REGIONAL MEDICAL CENTER,WI,92.0,94.0
521338,COLUMBUS COMMUNITY HOSPITAL,WI,96.0,95.0
521340,MAYO CLINIC HEALTH SYSTEM-RED CEDAR INC,WI,92.0,92.0
521341,RICHLAND HOSPITAL,WI,93.0,91.0
521343,STOUGHTON HOSPITAL,WI,96.0,97.0
521345,WESTFIELDS HOSPITAL AND CLINIC,WI,97.0,96.0
521346,THEDACARE MEDICAL CENTER - SHAWANO,WI,91.0,92.0
521347,WESTERN WISCONSIN HEALTH,WI,93.0,92.0
521348,VERNON MEMORIAL HOSPITAL,WI,96.0,96.0
521349,RIVER FALLS AREA HOSPITAL,WI,97.0,96.0
521350,LANGLADE HOSPITAL,WI,91.0,93.0
521351,REEDSBURG AREA MEDICAL CENTER,WI,92.0,93.0
521352,UPLAND HILLS HEALTH,WI,96.0,96.0
521354,SOUTHWEST HEALTH CENTER,WI,96.0,96.0
521355,THEDACARE MEDICAL CENTER - BERLIN INC,WI,93.0,94.0
521357,MERCY WALWORTH HOSPITAL & MEDICAL CENTER,WI,92.0,94.0
521358,DOOR COUNTY MEDICAL CENTER,WI,96.0,95.0
521359,TAMARACK HEALTH ASHLAND MEDICAL CENTER,WI,95.0,95.0
530002,CAMPBELL COUNTY HEALTH,WY,92.0,93.0
530006,SHERIDAN MEMORIAL HOSPITAL,WY,92.0,92.0
530008,SAGEWEST HEALTH CARE,WY,91.0,92.0
530012,BANNER WYOMING MEDICAL CENTER,WY,89.0,89.0
530014,CHEYENNE REGIONAL MEDICAL CENTER,WY,92.0,90.0
530015,ST JOHNS MEDICAL CENTER,WY,94.0,94.0
530025,IVINSON MEMORIAL HOSPITAL,WY,92.0,92.0
53004F,CHEYENNE VA MEDICAL CENTER,WY,94.0,94.0
531302,MEMORIAL HOSPITAL OF CONVERSE COUNTY,WY,91.0,91.0
531310,POWELL VALLEY HOSPITAL,WY,94.0,92.0
531312,CODY REGIONAL HEALTH,WY,92.0,94.0
531313,STAR VALLEY MEDICAL CENTER,WY,94.0,94.0
531318,MEMORIAL HOSPITAL SWEETWATER COUNTY,WY,92.0,92.0
670006,THE HOSPITAL AT WESTLAKE MEDICAL CENTER,TX,91.0,89.0
670008,MEMORIAL HERMANN HOUSTON PHYSICIANS HOSPITAL,TX,96.0,94.0
670023,METHODIST MANSFIELD MEDICAL CENTER,TX,93.0,92.0
670025,BAYLOR SCOTT & WHITE THE HEART HOSPITAL PLANO,TX,94.0,94.0
670031,ST LUKE'S PATIENTS MEDICAL CENTER,TX,89.0,87.0
670034,BAYLOR SCOTT & WHITE MEDICAL CENTER - ROUND ROCK,TX,92.0,91.0
670041,ASCENSION SETON WILLIAMSON,TX,90.0,89.0
670043,CEDAR PARK REGIONAL MEDICAL CENTER,TX,88.0,89.0
670044,TEXAS HEALTH PRESBYTERIAN HOSPITAL ROCKWALL,TX,92.0,91.0
670047,THE HOSPITALS OF PROVIDENCE - EAST CAMPUS,TX,86.0,85.0
670049,NORTH CENTRAL SURGICAL CENTER LLP,TX,90.0,94.0
670053,ST LUKE'S SUGAR LAND HOSPITAL,TX,87.0,89.0
670054,FOUNDATION SURGICAL HOSPITAL OF SAN ANTONIO,TX,95.0,94.0
670055,METHODIST HOSPITAL  STONE OAK,TX,89.0,90.0
670056,ASCENSION  SETON HAYS,TX,89.0,89.0
670059,CHI ST LUKES LAKESIDE HOSPITAL,TX,91.0,92.0
670060,BAYLOR SCOTT AND WHITE MEDICAL CENTER SUNNYVALE,TX,83.0,87.0
670067,BAYLOR SCOTT AND WHITE ORTHOPEDIC AND SPINE HOSPI,TX,94.0,94.0
670068,TEXAS HEALTH PRESBYTERIAN HOSPITAL FLOWER MOUND,TX,91.0,92.0
670069,METHODIST MCKINNEY HOSPITAL,TX,95.0,94.0
670071,TEXAS HEALTH HEART & VASCULAR HOSPITAL ARLINGTON,TX,93.0,92.0
670073,METHODIST HOSPITAL FOR SURGERY,TX,92.0,93.0
670075,ST LUKE'S HOSPITAL AT THE VINTAGE,TX,92.0,89.0
670077,HOUSTON METHODIST WEST HOSPITAL,TX,91.0,90.0
670080,SETON MEDICAL CENTER HARKER HEIGHTS,TX,92.0,93.0
670082,BAYLOR SCOTT AND WHITE  MEDICAL CENTER  MCKINNEY,TX,91.0,90.0
670085,TEXAS HEALTH HARRIS METHODIST HOSPITAL ALLIANCE,TX,91.0,91.0
670088,BAYLOR SCOTT & WHITE MEDICAL CENTER- COLLEGE STATI,TX,93.0,93.0
670098,RESOLUTE HEALTH HOSPITAL,TX,92.0,89.0
670103,MEDICAL CITY ALLIANCE,TX,91.0,88.0
670106,HCA HOUSTON HEALTHCARE PEARLAND,TX,86.0,87.0
670108,BAYLOR SCOTT & WHITE MEDICAL CENTER - MARBLE FALLS,TX,93.0,91.0
670112,LEGENT ORTHOPEDIC + SPINE,TX,94.0,91.0
670120,THE HOSPITALS OF PROVIDENCE TRANSMOUNTAIN CAMPUS,TX,88.0,87.0
670122,HOUSTON METHODIST THE WOODLANDS HOSPITAL,TX,92.0,90.0
670128,BAYLOR SCOTT & WHITE MEDICAL CENTER PFLUGERVILLE,TX,95.0,93.0
670260,TEXAS HEALTH HOSPITAL FRISCO,TX,90.0,91.0
670265,LEGENT ORTHOPEDIC HOSPITAL,TX,90.0,89.0
670300,METHODIST MIDLOTHIAN MEDICAL CENTER,TX,93.0,92.0
670309,TEXAS HEALTH HOSPITAL MANSFIELD,TX,92.0,91.0
